country,outcome,replicate,n_regions_total,n_regions_anchored,fraction_clusters,clusters_retained,n_retained,pct_survey_used,mae_admin2_pp,bias_admin2_pp,mae_admin1_pp,bias_admin1_pp
Ghana,child_vitA,1,16,3,0.15,4,63,5.4,10.024,-2.402,6.187,-3.011
Ghana,child_vitA,2,16,3,0.15,3,31,2.7,13.528,-13.528,13.562,-13.562
Ghana,child_vitA,3,16,3,0.15,3,59,5.1,16.9,15.347,15.078,14.771
Ghana,child_vitA,1,16,3,0.25,6,75,6.4,10.297,-0.44,5.341,-0.348
Ghana,child_vitA,2,16,3,0.25,6,83,7.1,10.411,4.308,6.047,3.481
Ghana,child_vitA,3,16,3,0.25,5,66,5.7,9.843,-0.29,5.698,-0.467
Ghana,child_vitA,1,16,3,0.4,10,150,12.9,10.659,-6.037,7.612,-6.001
Ghana,child_vitA,2,16,3,0.4,11,159,13.6,9.581,0.013,5.205,0.074
Ghana,child_vitA,3,16,3,0.4,3,60,5.2,10.053,1.989,6.004,2.316
Ghana,child_vitA,1,16,3,0.6,9,100,8.6,9.774,-0.34,5.432,-0.299
Ghana,child_vitA,2,16,3,0.6,16,239,20.5,9.402,1.626,4.302,1.502
Ghana,child_vitA,3,16,3,0.6,8,108,9.3,12.372,7.278,8.173,7.446
Ghana,child_vitA,1,16,3,0.8,20,223,19.1,9.462,-0.254,5.257,-0.177
Ghana,child_vitA,2,16,3,0.8,9,114,9.8,9.953,-0.112,5.811,-0.269
Ghana,child_vitA,3,16,3,0.8,15,213,18.3,11.582,6.83,7.512,6.374
Ghana,child_vitA,1,16,3,1,7,105,9,9.997,1.32,4.186,0.633
Ghana,child_vitA,2,16,3,1,22,254,21.8,9.996,2.19,5.133,2.567
Ghana,child_vitA,3,16,3,1,19,263,22.6,10.23,-4.34,5.984,-4.504
Ghana,child_vitA,1,16,5,0.15,5,78,6.7,9.903,-0.717,6.6,-1.233
Ghana,child_vitA,2,16,5,0.15,5,76,6.5,9.949,-4.382,6.377,-4.56
Ghana,child_vitA,3,16,5,0.15,6,91,7.8,10.349,-5.52,7.232,-5.834
Ghana,child_vitA,1,16,5,0.25,9,111,9.5,10.689,-4.385,7.729,-4.678
Ghana,child_vitA,2,16,5,0.25,8,121,10.4,10.966,5.23,7.125,5.236
Ghana,child_vitA,3,16,5,0.25,7,87,7.5,9.806,-0.74,4.961,-2.316
Ghana,child_vitA,1,16,5,0.4,9,131,11.2,9.475,0.058,4.579,-0.522
Ghana,child_vitA,2,16,5,0.4,12,150,12.9,10.427,1.687,6.573,2.451
Ghana,child_vitA,3,16,5,0.4,10,104,8.9,11.46,4.735,5.545,3.017
Ghana,child_vitA,1,16,5,0.6,12,160,13.7,10.245,4.087,5.65,3.24
Ghana,child_vitA,2,16,5,0.6,15,214,18.4,11.28,5.583,5.979,4.719
Ghana,child_vitA,3,16,5,0.6,18,226,19.4,9.449,3.425,4.174,1.944
Ghana,child_vitA,1,16,5,0.8,26,321,27.6,10.445,-4.799,6.268,-4.644
Ghana,child_vitA,2,16,5,0.8,35,449,38.5,9.81,0.855,4.421,0.879
Ghana,child_vitA,3,16,5,0.8,16,168,14.4,10.005,-0.001,3.739,-1.279
Ghana,child_vitA,1,16,5,1,20,245,21,9.603,0.422,3.174,-0.397
Ghana,child_vitA,2,16,5,1,14,212,18.2,10.087,0.392,4.13,0.068
Ghana,child_vitA,3,16,5,1,23,282,24.2,10.579,3.203,5.216,3.296
Ghana,child_vitA,1,16,6,0.15,6,80,6.9,9.305,-1.13,5.201,-2.09
Ghana,child_vitA,2,16,6,0.15,6,69,5.9,11.437,-7.501,7.903,-7.366
Ghana,child_vitA,3,16,6,0.15,7,88,7.6,11.493,2.094,6.952,0.565
Ghana,child_vitA,1,16,6,0.25,13,190,16.3,10.627,-3.494,7.03,-4.325
Ghana,child_vitA,2,16,6,0.25,10,148,12.7,10.231,-4.125,6.406,-4.133
Ghana,child_vitA,3,16,6,0.25,14,190,16.3,10.637,-0.302,4.965,0.55
Ghana,child_vitA,1,16,6,0.4,15,186,16,10.128,1.994,4.245,0.43
Ghana,child_vitA,2,16,6,0.4,9,114,9.8,9.649,-0.939,5.081,-2.001
Ghana,child_vitA,3,16,6,0.4,14,198,17,10.61,-4.021,6.913,-3.924
Ghana,child_vitA,1,16,6,0.6,20,282,24.2,10.179,-4.329,5.306,-4.994
Ghana,child_vitA,2,16,6,0.6,20,301,25.8,9.897,-4.01,5.113,-3.986
Ghana,child_vitA,3,16,6,0.6,22,296,25.4,9.55,-2.592,5.057,-2.695
Ghana,child_vitA,1,16,6,0.8,18,179,15.4,10.736,-2.941,4.937,-3.644
Ghana,child_vitA,2,16,6,0.8,25,268,23,9.597,-2.811,4.732,-3.314
Ghana,child_vitA,3,16,6,0.8,24,340,29.2,10.357,-4.061,4.635,-4.01
Ghana,child_vitA,1,16,6,1,42,545,46.8,10.048,-0.089,2.847,-0.787
Ghana,child_vitA,2,16,6,1,32,349,30,10.02,0.799,3.386,0.245
Ghana,child_vitA,3,16,6,1,48,625,53.6,9.571,0.282,3.643,0.273
Ghana,child_vitA,1,16,8,0.15,9,104,8.9,10.719,1.344,7.925,1.91
Ghana,child_vitA,2,16,8,0.15,8,111,9.5,10.511,-3.147,6.075,-2.947
Ghana,child_vitA,3,16,8,0.15,8,108,9.3,9.865,-1.795,4.695,-2.361
Ghana,child_vitA,1,16,8,0.25,13,155,13.3,10.527,3.235,4.172,1.767
Ghana,child_vitA,2,16,8,0.25,16,241,20.7,10.41,0.066,5.664,-0.288
Ghana,child_vitA,3,16,8,0.25,15,164,14.1,9.716,-4.22,5.125,-3.819
Ghana,child_vitA,1,16,8,0.4,19,212,18.2,10.691,-2.362,5.815,-1.898
Ghana,child_vitA,2,16,8,0.4,15,219,18.8,9.867,1.34,4.298,-1.288
Ghana,child_vitA,3,16,8,0.4,19,246,21.1,9.936,-0.877,5.438,-1.86
Ghana,child_vitA,1,16,8,0.6,25,372,31.9,10.044,3.083,3.544,1.037
Ghana,child_vitA,2,16,8,0.6,29,407,34.9,9.76,2.378,3.298,1.034
Ghana,child_vitA,3,16,8,0.6,27,365,31.3,10.487,2.402,4.338,2.29
Ghana,child_vitA,1,16,8,0.8,34,403,34.6,9.614,-0.845,4.453,-1.325
Ghana,child_vitA,2,16,8,0.8,25,312,26.8,9.443,-1.616,4.011,-2.459
Ghana,child_vitA,3,16,8,0.8,46,589,50.6,9.975,0.256,3.773,-0.398
Ghana,child_vitA,1,16,8,1,46,600,51.5,9.921,3.406,3.549,2.22
Ghana,child_vitA,2,16,8,1,35,463,39.7,9.679,0.541,2.513,-0.311
Ghana,child_vitA,3,16,8,1,56,704,60.4,9.798,0.011,2.987,-0.595
Ghana,child_vitA,1,16,10,0.15,11,157,13.5,10.879,0.512,5.418,-2.268
Ghana,child_vitA,2,16,10,0.15,11,178,15.3,12.226,-1.09,7.693,-1.005
Ghana,child_vitA,3,16,10,0.15,11,182,15.6,12.561,3.113,7.125,1.809
Ghana,child_vitA,1,16,10,0.25,17,205,17.6,10.259,1.27,5.634,1.338
Ghana,child_vitA,2,16,10,0.25,13,159,13.6,9.569,-1.196,5.173,-2.837
Ghana,child_vitA,3,16,10,0.25,16,229,19.7,11.398,4.818,6.277,3.974
Ghana,child_vitA,1,16,10,0.4,25,361,31,9.737,0.436,3.985,-1.383
Ghana,child_vitA,2,16,10,0.4,25,300,25.8,11.29,3.299,7.399,2.338
Ghana,child_vitA,3,16,10,0.4,21,301,25.8,10.278,3.161,3.065,0.197
Ghana,child_vitA,1,16,10,0.6,35,457,39.2,10.036,2.416,2.808,0.972
Ghana,child_vitA,2,16,10,0.6,37,458,39.3,10.942,4.03,5.53,2.582
Ghana,child_vitA,3,16,10,0.6,37,469,40.3,9.84,-1.655,4.94,-1.914
Ghana,child_vitA,1,16,10,0.8,45,594,51,10.071,-1.104,3.71,-1.033
Ghana,child_vitA,2,16,10,0.8,42,558,47.9,9.491,0.409,2.032,-1.051
Ghana,child_vitA,3,16,10,0.8,40,516,44.3,9.929,0.244,2.653,-1.708
Ghana,child_vitA,1,16,10,1,65,799,68.6,9.675,0.049,2.661,-0.217
Ghana,child_vitA,2,16,10,1,56,661,56.7,10.096,1.703,1.822,0.445
Ghana,child_vitA,3,16,10,1,55,694,59.6,10.068,-1.568,2.659,-1.728
Ghana,child_vitA,1,16,11,0.15,11,159,13.6,12.795,3.87,8.611,3.465
Ghana,child_vitA,2,16,11,0.15,11,142,12.2,10.881,-4.567,7.496,-5.05
Ghana,child_vitA,3,16,11,0.15,13,172,14.8,10.265,-2.815,5.259,-2.495
Ghana,child_vitA,1,16,11,0.25,21,283,24.3,10.735,0.71,4.457,-0.275
Ghana,child_vitA,2,16,11,0.25,16,218,18.7,10.867,1.262,5.694,0.613
Ghana,child_vitA,3,16,11,0.25,19,278,23.9,11.037,1.306,5.21,-0.074
Ghana,child_vitA,1,16,11,0.4,20,231,19.8,9.681,-1.917,3.652,-2.648
Ghana,child_vitA,2,16,11,0.4,25,335,28.8,10.218,3.335,3.758,0.559
Ghana,child_vitA,3,16,11,0.4,25,306,26.3,11.621,-1.495,7.044,-1.781
Ghana,child_vitA,1,16,11,0.6,39,467,40.1,10.722,-2.214,4.862,-2.661
Ghana,child_vitA,2,16,11,0.6,39,512,43.9,10.301,-1.023,4.624,-1.765
Ghana,child_vitA,3,16,11,0.6,38,552,47.4,10.223,-0.26,3.188,0.027
Ghana,child_vitA,1,16,11,0.8,40,496,42.6,9.886,0.644,3.676,-0.641
Ghana,child_vitA,2,16,11,0.8,40,478,41,9.743,-1.785,3.8,-2.727
Ghana,child_vitA,3,16,11,0.8,42,535,45.9,10.469,-1.227,3.666,-1.327
Ghana,child_vitA,1,16,11,1,57,805,69.1,9.775,1.181,1.005,-0.218
Ghana,child_vitA,2,16,11,1,64,862,74,9.584,0.62,1.081,-0.652
Ghana,child_vitA,3,16,11,1,62,794,68.2,10.042,3.192,2.734,2.734
Ghana,child_vitA,1,16,13,0.15,15,208,17.9,10.575,-2.312,5.731,-2.709
Ghana,child_vitA,2,16,13,0.15,15,223,19.1,12.471,3.422,8.414,3.539
Ghana,child_vitA,3,16,13,0.15,15,196,16.8,11.328,-6.385,7.656,-6.603
Ghana,child_vitA,1,16,13,0.25,24,355,30.5,10.44,0.551,6.269,-0.514
Ghana,child_vitA,2,16,13,0.25,23,283,24.3,10.36,1.19,5.853,0.794
Ghana,child_vitA,3,16,13,0.25,23,305,26.2,10.897,-3.113,6.284,-2.444
Ghana,child_vitA,1,16,13,0.4,27,355,30.5,11.22,1.076,5.093,-0.949
Ghana,child_vitA,2,16,13,0.4,27,326,28,11.042,1.216,5.771,-0.346
Ghana,child_vitA,3,16,13,0.4,33,397,34.1,10.891,2.189,3.858,0.003
Ghana,child_vitA,1,16,13,0.6,43,595,51.1,10.513,3.014,2.691,1.572
Ghana,child_vitA,2,16,13,0.6,48,637,54.7,9.892,1.624,2.037,0.619
Ghana,child_vitA,3,16,13,0.6,43,574,49.3,10.104,1.505,2.765,-0.313
Ghana,child_vitA,1,16,13,0.8,54,657,56.4,10.138,1.371,3.31,-0.034
Ghana,child_vitA,2,16,13,0.8,57,714,61.3,10.126,-0.95,2.833,-2.048
Ghana,child_vitA,3,16,13,0.8,57,701,60.2,10.891,0.367,2.199,-0.469
Ghana,child_vitA,1,16,13,1,81,1021,87.6,10.102,0.915,1.084,0.163
Ghana,child_vitA,2,16,13,1,72,912,78.3,10.197,0.252,0.983,-0.876
Ghana,child_vitA,3,16,13,1,78,990,85,9.904,0.742,0.985,-0.095
Ghana,child_vitA,1,16,14,0.15,15,173,14.8,12.275,-1.093,8.083,-1.939
Ghana,child_vitA,2,16,14,0.15,15,203,17.4,10.197,-1.177,4.623,-2.521
Ghana,child_vitA,3,16,14,0.15,16,206,17.7,10.758,-0.686,6.278,0.27
Ghana,child_vitA,1,16,14,0.25,24,304,26.1,10.105,-2.531,4.833,-3.137
Ghana,child_vitA,2,16,14,0.25,24,291,25,10.613,-4.081,5.832,-3.558
Ghana,child_vitA,3,16,14,0.25,24,342,29.4,10.763,-3.255,4.879,-3.636
Ghana,child_vitA,1,16,14,0.4,32,456,39.1,10.687,1.255,5.051,0.495
Ghana,child_vitA,2,16,14,0.4,34,374,32.1,11.918,0.011,6.336,-0.365
Ghana,child_vitA,3,16,14,0.4,31,386,33.1,10.143,-1.996,6.232,-3.184
Ghana,child_vitA,1,16,14,0.6,53,659,56.6,10.609,0.489,3.078,0.192
Ghana,child_vitA,2,16,14,0.6,44,524,45,10.984,0.996,3.288,-0.426
Ghana,child_vitA,3,16,14,0.6,47,599,51.4,10.619,1.277,3.66,0.602
Ghana,child_vitA,1,16,14,0.8,61,812,69.7,10.479,1.154,2.555,0.953
Ghana,child_vitA,2,16,14,0.8,68,889,76.3,10.244,0.075,2.135,0.267
Ghana,child_vitA,3,16,14,0.8,67,787,67.6,10.396,0.957,2.133,-0.703
Ghana,child_vitA,1,16,14,1,80,1022,87.7,10.134,0.768,0.606,-0.388
Ghana,child_vitA,2,16,14,1,79,993,85.2,9.998,0.899,0.431,-0.275
Ghana,child_vitA,3,16,14,1,81,1062,91.2,9.866,0.699,0.615,-0.615
Ghana,child_vitA,1,16,16,0.15,18,230,19.7,11.893,0.6,6.486,1.37
Ghana,child_vitA,2,16,16,0.15,18,194,16.7,13.226,-2.144,10.241,-1.368
Ghana,child_vitA,3,16,16,0.15,18,216,18.5,12.538,0.473,7.984,0.638
Ghana,child_vitA,1,16,16,0.25,27,368,31.6,10.025,1.678,4.526,-0.228
Ghana,child_vitA,2,16,16,0.25,27,360,30.9,11.603,2.708,6.488,0.705
Ghana,child_vitA,3,16,16,0.25,27,402,34.5,11.398,1.202,3.698,0.497
Ghana,child_vitA,1,16,16,0.4,36,425,36.5,11.284,1.532,5.088,-0.673
Ghana,child_vitA,2,16,16,0.4,36,486,41.7,10.602,1.299,4.733,-0.173
Ghana,child_vitA,3,16,16,0.4,36,500,42.9,11.475,1.887,4.891,1.15
Ghana,child_vitA,1,16,16,0.6,56,732,62.8,10.571,-0.483,2.832,-0.944
Ghana,child_vitA,2,16,16,0.6,56,745,63.9,10.842,1.996,3.211,1.121
Ghana,child_vitA,3,16,16,0.6,56,793,68.1,9.885,0.56,2.275,-0.997
Ghana,child_vitA,1,16,16,0.8,71,919,78.9,10.157,-0.516,1.796,-1.375
Ghana,child_vitA,2,16,16,0.8,71,901,77.3,10.745,1.136,1.378,-0.213
Ghana,child_vitA,3,16,16,0.8,71,924,79.3,10.565,1.54,1.681,0.427
Ghana,child_vitA,1,16,16,1,90,1165,100,9.946,1.26,0,0
Ghana,child_vitA,2,16,16,1,90,1165,100,9.946,1.26,0,0
Ghana,child_vitA,3,16,16,1,90,1165,100,9.946,1.26,0,0
Ghana,women_vitA,1,16,3,0.15,4,50,5,3.329,0.669,1.583,0.677
Ghana,women_vitA,2,16,3,0.15,4,53,5.3,2.996,0.332,1.167,0.381
Ghana,women_vitA,3,16,3,0.15,3,38,3.8,1.616,-1.616,1.335,-1.335
Ghana,women_vitA,1,16,3,0.25,5,52,5.2,1.616,-1.616,1.335,-1.335
Ghana,women_vitA,2,16,3,0.25,7,91,9.2,2.522,-0.336,1.227,-0.004
Ghana,women_vitA,3,16,3,0.25,5,60,6,1.616,-1.616,1.335,-1.335
Ghana,women_vitA,1,16,3,0.4,6,66,6.7,2.705,-0.07,1.108,0.021
Ghana,women_vitA,2,16,3,0.4,5,54,5.4,1.616,-1.616,1.335,-1.335
Ghana,women_vitA,3,16,3,0.4,4,36,3.6,1.616,-1.616,1.335,-1.335
Ghana,women_vitA,1,16,3,0.6,10,95,9.6,2.847,0.332,1.057,0.553
Ghana,women_vitA,2,16,3,0.6,12,160,16.1,2.407,-0.568,1.232,-0.164
Ghana,women_vitA,3,16,3,0.6,14,124,12.5,3.775,1.409,1.898,1.632
Ghana,women_vitA,1,16,3,0.8,14,154,15.5,2.535,-0.295,1.222,-0.157
Ghana,women_vitA,2,16,3,0.8,12,116,11.7,2.77,-0.065,1.165,0.182
Ghana,women_vitA,3,16,3,0.8,23,305,30.7,2.063,-0.977,1.21,-0.713
Ghana,women_vitA,1,16,3,1,16,144,14.5,2.412,-0.335,0.882,-0.108
Ghana,women_vitA,2,16,3,1,15,177,17.8,2.881,0.117,1.003,0.309
Ghana,women_vitA,3,16,3,1,14,134,13.5,2.436,-0.54,1.066,-0.286
Ghana,women_vitA,1,16,5,0.15,6,62,6.2,3.463,0.876,2.066,1.135
Ghana,women_vitA,2,16,5,0.15,5,66,6.7,2.247,-0.746,1.287,-0.301
Ghana,women_vitA,3,16,5,0.15,6,56,5.6,1.616,-1.616,1.335,-1.335
Ghana,women_vitA,1,16,5,0.25,6,72,7.3,1.616,-1.616,1.335,-1.335
Ghana,women_vitA,2,16,5,0.25,7,74,7.5,1.616,-1.616,1.335,-1.335
Ghana,women_vitA,3,16,5,0.25,8,108,10.9,2.588,-0.542,2.222,0.154
Ghana,women_vitA,1,16,5,0.4,10,93,9.4,1.616,-1.616,1.335,-1.335
Ghana,women_vitA,2,16,5,0.4,11,90,9.1,3.645,1.048,2.001,1.142
Ghana,women_vitA,3,16,5,0.4,10,119,12,2.016,-1.032,1.057,-0.873
Ghana,women_vitA,1,16,5,0.6,15,179,18,2.53,-0.422,1.031,-0.278
Ghana,women_vitA,2,16,5,0.6,15,160,16.1,1.616,-1.616,1.335,-1.335
Ghana,women_vitA,3,16,5,0.6,18,212,21.4,2.164,-0.974,1.221,-0.547
Ghana,women_vitA,1,16,5,0.8,19,178,17.9,2.435,-0.421,1.085,-0.374
Ghana,women_vitA,2,16,5,0.8,14,152,15.3,1.616,-1.616,1.335,-1.335
Ghana,women_vitA,3,16,5,0.8,18,201,20.3,2.346,-0.633,1.06,-0.507
Ghana,women_vitA,1,16,5,1,21,249,25.1,2.085,-0.91,1.047,-0.765
Ghana,women_vitA,2,16,5,1,45,537,54.1,2.629,-0.112,0.771,0.113
Ghana,women_vitA,3,16,5,1,29,349,35.2,2.156,-0.722,0.852,-0.507
Ghana,women_vitA,1,16,6,0.15,6,88,8.9,1.616,-1.616,1.335,-1.335
Ghana,women_vitA,2,16,6,0.15,6,50,5,1.616,-1.616,1.335,-1.335
Ghana,women_vitA,3,16,6,0.15,7,96,9.7,4.414,1.991,3.479,2.835
Ghana,women_vitA,1,16,6,0.25,12,132,13.3,1.616,-1.616,1.335,-1.335
Ghana,women_vitA,2,16,6,0.25,7,78,7.9,1.616,-1.616,1.335,-1.335
Ghana,women_vitA,3,16,6,0.25,8,87,8.8,3.799,1.145,2.198,1.608
Ghana,women_vitA,1,16,6,0.4,15,176,17.7,3.079,0.333,1.481,0.586
Ghana,women_vitA,2,16,6,0.4,14,157,15.8,1.963,-1.101,1.112,-0.825
Ghana,women_vitA,3,16,6,0.4,13,143,14.4,2.739,-0.247,1.496,-0.124
Ghana,women_vitA,1,16,6,0.6,20,203,20.5,2.356,-0.619,1.08,-0.467
Ghana,women_vitA,2,16,6,0.6,16,139,14,2.509,-0.502,1.186,-0.31
Ghana,women_vitA,3,16,6,0.6,23,259,26.1,2.387,-0.495,1.04,-0.428
Ghana,women_vitA,1,16,6,0.8,24,226,22.8,2.611,-0.28,1.101,-0.101
Ghana,women_vitA,2,16,6,0.8,33,378,38.1,2.832,0.023,0.901,0.313
Ghana,women_vitA,3,16,6,0.8,27,281,28.3,2.834,0.12,0.934,0.184
Ghana,women_vitA,1,16,6,1,31,330,33.3,2.684,-0.273,0.871,-0.046
Ghana,women_vitA,2,16,6,1,30,319,32.2,2.83,-0.056,0.85,0.114
Ghana,women_vitA,3,16,6,1,32,420,42.3,2.135,-0.905,0.985,-0.714
Ghana,women_vitA,1,16,8,0.15,10,114,11.5,2.549,-0.485,1.365,-0.582
Ghana,women_vitA,2,16,8,0.15,9,78,7.9,2.779,-0.308,2.269,0.297
Ghana,women_vitA,3,16,8,0.15,9,108,10.9,2.594,-0.461,1.49,-0.565
Ghana,women_vitA,1,16,8,0.25,11,125,12.6,2.678,-0.237,1.482,-0.005
Ghana,women_vitA,2,16,8,0.25,16,170,17.1,2.135,-0.978,1.295,-0.848
Ghana,women_vitA,3,16,8,0.25,14,176,17.7,2.426,-0.474,1.028,-0.415
Ghana,women_vitA,1,16,8,0.4,21,247,24.9,2.229,-0.876,1.21,-0.715
Ghana,women_vitA,2,16,8,0.4,15,142,14.3,2.569,-0.423,1.17,-0.308
Ghana,women_vitA,3,16,8,0.4,22,215,21.7,2.969,0.148,1.264,0.219
Ghana,women_vitA,1,16,8,0.6,33,426,42.9,2.58,-0.261,1.014,-0.197
Ghana,women_vitA,2,16,8,0.6,33,358,36.1,2.518,-0.351,0.99,-0.29
Ghana,women_vitA,3,16,8,0.6,22,204,20.6,3.126,0.267,0.971,0.23
Ghana,women_vitA,1,16,8,0.8,44,484,48.8,2.772,-0.2,0.96,0.006
Ghana,women_vitA,2,16,8,0.8,31,310,31.2,2.601,-0.335,1.039,-0.266
Ghana,women_vitA,3,16,8,0.8,29,278,28,2.957,0.342,0.794,0.249
Ghana,women_vitA,1,16,8,1,39,399,40.2,2.71,-0.089,0.48,0.118
Ghana,women_vitA,2,16,8,1,47,501,50.5,3.138,0.429,0.614,0.452
Ghana,women_vitA,3,16,8,1,46,479,48.3,2.672,-0.104,0.565,0.04
Ghana,women_vitA,1,16,10,0.15,12,149,15,1.916,-1.27,1.452,-0.706
Ghana,women_vitA,2,16,10,0.15,12,149,15,1.941,-1.257,1.489,-0.694
Ghana,women_vitA,3,16,10,0.15,10,94,9.5,1.616,-1.616,1.335,-1.335
Ghana,women_vitA,1,16,10,0.25,16,140,14.1,3.915,1.792,1.626,1.386
Ghana,women_vitA,2,16,10,0.25,16,173,17.4,2.208,-0.957,1.347,-0.814
Ghana,women_vitA,3,16,10,0.25,17,160,16.1,2.905,0.103,1.211,-0.012
Ghana,women_vitA,1,16,10,0.4,21,238,24,2.431,-0.649,1.354,-0.533
Ghana,women_vitA,2,16,10,0.4,24,278,28,2.19,-0.889,1.176,-0.857
Ghana,women_vitA,3,16,10,0.4,23,274,27.6,3.113,0.389,0.944,0.305
Ghana,women_vitA,1,16,10,0.6,36,367,37,2.588,-0.354,0.857,-0.25
Ghana,women_vitA,2,16,10,0.6,33,351,35.4,3.063,0.256,0.795,0.399
Ghana,women_vitA,3,16,10,0.6,38,443,44.7,3.467,0.649,0.853,0.837
Ghana,women_vitA,1,16,10,0.8,42,423,42.6,3.236,0.391,0.739,0.459
Ghana,women_vitA,2,16,10,0.8,46,528,53.2,2.993,0.071,0.772,0.136
Ghana,women_vitA,3,16,10,0.8,39,379,38.2,3.059,0.251,0.708,0.252
Ghana,women_vitA,1,16,10,1,65,710,71.6,2.804,-0.086,0.448,0.177
Ghana,women_vitA,2,16,10,1,46,487,49.1,2.525,-0.44,0.591,-0.367
Ghana,women_vitA,3,16,10,1,54,625,63,2.525,-0.364,0.466,-0.223
Ghana,women_vitA,1,16,11,0.15,12,117,11.8,1.616,-1.616,1.335,-1.335
Ghana,women_vitA,2,16,11,0.15,12,121,12.2,2.072,-0.822,1.358,-0.516
Ghana,women_vitA,3,16,11,0.15,12,127,12.8,1.616,-1.616,1.335,-1.335
Ghana,women_vitA,1,16,11,0.25,20,226,22.8,1.822,-1.243,1.095,-0.904
Ghana,women_vitA,2,16,11,0.25,20,206,20.8,2.613,-0.227,1.004,-0.285
Ghana,women_vitA,3,16,11,0.25,19,201,20.3,2.588,-0.37,1.221,-0.332
Ghana,women_vitA,1,16,11,0.4,27,334,33.7,3.078,0.145,1.338,0.089
Ghana,women_vitA,2,16,11,0.4,25,282,28.4,2.838,-0.1,1.149,-0.087
Ghana,women_vitA,3,16,11,0.4,24,275,27.7,2.543,-0.604,1.457,-0.439
Ghana,women_vitA,1,16,11,0.6,47,510,51.4,3.518,0.678,1.39,0.987
Ghana,women_vitA,2,16,11,0.6,38,401,40.4,2.888,-0.155,1.077,0.086
Ghana,women_vitA,3,16,11,0.6,31,322,32.5,2.628,-0.233,1.037,-0.328
Ghana,women_vitA,1,16,11,0.8,45,517,52.1,2.904,0.159,0.649,0.185
Ghana,women_vitA,2,16,11,0.8,44,489,49.3,2.97,0.115,0.617,0.334
Ghana,women_vitA,3,16,11,0.8,44,528,53.2,2.682,-0.29,0.786,-0.165
Ghana,women_vitA,1,16,11,1,58,661,66.6,2.442,-0.438,0.46,-0.357
Ghana,women_vitA,2,16,11,1,62,715,72.1,2.672,-0.199,0.42,-0.142
Ghana,women_vitA,3,16,11,1,72,833,84,2.707,-0.293,0.511,-0.105
Ghana,women_vitA,1,16,13,0.15,14,160,16.1,2.519,-0.605,1.801,-0.044
Ghana,women_vitA,2,16,13,0.15,15,168,16.9,4.3,1.313,3.252,1.622
Ghana,women_vitA,3,16,13,0.15,15,189,19.1,4.261,1.605,3.324,2.228
Ghana,women_vitA,1,16,13,0.25,20,195,19.7,3.018,0.05,1.704,-0.172
Ghana,women_vitA,2,16,13,0.25,23,238,24,2.398,-0.626,1.558,-0.326
Ghana,women_vitA,3,16,13,0.25,22,257,25.9,3.375,0.439,1.326,0.014
Ghana,women_vitA,1,16,13,0.4,27,292,29.4,2.618,-0.237,1.118,-0.455
Ghana,women_vitA,2,16,13,0.4,31,331,33.4,3.088,0.054,1.471,-0.083
Ghana,women_vitA,3,16,13,0.4,32,366,36.9,2.873,0.125,1.31,0.148
Ghana,women_vitA,1,16,13,0.6,49,549,55.3,3.354,0.543,0.998,0.749
Ghana,women_vitA,2,16,13,0.6,45,462,46.6,2.629,-0.388,1.075,-0.302
Ghana,women_vitA,3,16,13,0.6,43,474,47.8,2.707,-0.034,0.758,0.045
Ghana,women_vitA,1,16,13,0.8,63,711,71.7,2.713,-0.132,0.717,-0.082
Ghana,women_vitA,2,16,13,0.8,65,710,71.6,2.918,0.062,0.621,0.062
Ghana,women_vitA,3,16,13,0.8,54,557,56.1,3.047,0.233,0.569,0.104
Ghana,women_vitA,1,16,13,1,71,800,80.6,2.686,-0.353,0.362,-0.241
Ghana,women_vitA,2,16,13,1,73,811,81.8,2.727,-0.117,0.224,-0.096
Ghana,women_vitA,3,16,13,1,77,874,88.1,2.73,-0.11,0.157,-0.019
Ghana,women_vitA,1,16,14,0.15,16,174,17.5,3.294,0.359,2.683,0.681
Ghana,women_vitA,2,16,14,0.15,15,164,16.5,3.41,0.719,1.713,0.334
Ghana,women_vitA,3,16,14,0.15,16,170,17.1,2.632,-0.554,2.01,-0.082
Ghana,women_vitA,1,16,14,0.25,24,260,26.2,2.816,-0.082,1.253,0.26
Ghana,women_vitA,2,16,14,0.25,23,244,24.6,1.986,-1.231,1.369,-1.014
Ghana,women_vitA,3,16,14,0.25,25,274,27.6,2.395,-0.746,1.604,-0.442
Ghana,women_vitA,1,16,14,0.4,31,327,33,1.865,-1.337,1.302,-1.212
Ghana,women_vitA,2,16,14,0.4,32,360,36.3,3.088,0.308,1.176,0.503
Ghana,women_vitA,3,16,14,0.4,28,295,29.7,2.096,-0.974,1.05,-0.947
Ghana,women_vitA,1,16,14,0.6,53,553,55.7,3.41,0.566,0.862,0.547
Ghana,women_vitA,2,16,14,0.6,50,571,57.6,3.295,0.403,1.016,0.504
Ghana,women_vitA,3,16,14,0.6,52,541,54.5,3.031,-0.153,1.099,0.051
Ghana,women_vitA,1,16,14,0.8,65,738,74.4,2.975,0.21,0.576,0.087
Ghana,women_vitA,2,16,14,0.8,63,662,66.7,2.571,-0.295,0.626,-0.254
Ghana,women_vitA,3,16,14,0.8,63,684,69,2.948,0.081,0.433,0.158
Ghana,women_vitA,1,16,14,1,78,858,86.5,2.775,-0.156,0.186,-0.047
Ghana,women_vitA,2,16,14,1,84,917,92.4,2.986,0.087,0.161,0.161
Ghana,women_vitA,3,16,14,1,70,764,77,2.66,-0.28,0.162,-0.162
Ghana,women_vitA,1,16,16,0.15,18,213,21.5,3.236,0.054,2.07,-0.262
Ghana,women_vitA,2,16,16,0.15,18,203,20.5,3.56,0.697,2.106,0.08
Ghana,women_vitA,3,16,16,0.15,18,203,20.5,2.916,-0.119,2.02,0.154
Ghana,women_vitA,1,16,16,0.25,27,342,34.5,4.719,2.089,2.773,2.434
Ghana,women_vitA,2,16,16,0.25,27,277,27.9,3.146,-0.039,1.875,0.151
Ghana,women_vitA,3,16,16,0.25,27,301,30.3,2.975,-0.104,2.024,0.337
Ghana,women_vitA,1,16,16,0.4,36,410,41.3,3.174,0.291,1.065,-0.053
Ghana,women_vitA,2,16,16,0.4,36,401,40.4,3.31,0.257,1.517,0.274
Ghana,women_vitA,3,16,16,0.4,36,362,36.5,3.273,0.255,1.255,0.073
Ghana,women_vitA,1,16,16,0.6,56,627,63.2,3.067,0.021,0.705,0.149
Ghana,women_vitA,2,16,16,0.6,56,624,62.9,2.88,-0.111,0.658,-0.111
Ghana,women_vitA,3,16,16,0.6,56,632,63.7,2.856,0.043,0.881,0.011
Ghana,women_vitA,1,16,16,0.8,71,760,76.6,2.71,-0.129,0.523,-0.184
Ghana,women_vitA,2,16,16,0.8,71,773,77.9,2.942,0.073,0.372,0.094
Ghana,women_vitA,3,16,16,0.8,71,789,79.5,2.916,0.025,0.482,-0.013
Ghana,women_vitA,1,16,16,1,90,992,100,2.897,-0.002,0,0
Ghana,women_vitA,2,16,16,1,90,992,100,2.897,-0.002,0,0
Ghana,women_vitA,3,16,16,1,90,992,100,2.897,-0.002,0,0
Ghana,child_iron,1,16,3,0.15,3,65,5.6,13.821,4.36,8.43,2.87
Ghana,child_iron,2,16,3,0.15,4,49,4.2,15.274,-8.854,11.669,-7.956
Ghana,child_iron,3,16,3,0.15,4,53,4.5,14.441,-5.228,10.671,-3.603
Ghana,child_iron,2,16,3,0.25,6,99,8.5,14.883,-8.075,11.291,-6.663
Ghana,child_iron,3,16,3,0.25,5,55,4.7,15.055,-8.99,11.936,-7.449
Ghana,child_iron,1,16,3,0.4,6,68,5.8,15.703,-10.578,11.821,-10.438
Ghana,child_iron,2,16,3,0.4,4,35,3,14.287,-2.969,10.804,-2.072
Ghana,child_iron,3,16,3,0.4,8,61,5.2,15.686,-11.166,12.805,-10.565
Ghana,child_iron,1,16,3,0.6,16,207,17.8,15.01,-7.432,10.301,-6.381
Ghana,child_iron,2,16,3,0.6,14,211,18.1,14.563,-6.617,10.497,-6.352
Ghana,child_iron,3,16,3,0.6,8,122,10.5,14.894,-9.472,11.349,-8.26
Ghana,child_iron,1,16,3,0.8,9,109,9.4,14.608,-4.664,10.101,-3.829
Ghana,child_iron,2,16,3,0.8,10,165,14.2,15.2,7.434,9.527,5.66
Ghana,child_iron,3,16,3,0.8,6,71,6.1,14.64,-2.054,11.32,-1.145
Ghana,child_iron,1,16,3,1,28,365,31.3,14.667,-6.559,10.368,-5.643
Ghana,child_iron,2,16,3,1,13,150,12.9,16.242,-12.64,12.93,-11.846
Ghana,child_iron,3,16,3,1,17,226,19.4,16.552,4.942,12.205,5.952
Ghana,child_iron,1,16,5,0.15,5,79,6.8,13.626,-2.935,8.445,-2.751
Ghana,child_iron,2,16,5,0.15,5,61,5.2,15.027,-7.344,11.621,-6.661
Ghana,child_iron,3,16,5,0.15,7,71,6.1,13.557,-6.534,9.974,-5.675
Ghana,child_iron,1,16,5,0.25,11,113,9.7,16.356,-1.133,12.597,1.923
Ghana,child_iron,2,16,5,0.25,7,82,7,14.096,-0.875,8.295,-1.462
Ghana,child_iron,3,16,5,0.25,8,95,8.2,16.823,-12.751,12.751,-12.361
Ghana,child_iron,1,16,5,0.4,8,88,7.6,15.039,-10.353,11.571,-8.394
Ghana,child_iron,2,16,5,0.4,11,110,9.4,14.045,-5.071,9.896,-4.251
Ghana,child_iron,3,16,5,0.4,10,152,13,17.386,9.797,13.337,8.41
Ghana,child_iron,1,16,5,0.6,15,181,15.5,14.136,4.23,8.886,2.456
Ghana,child_iron,2,16,5,0.6,14,189,16.2,12.601,0.087,7.188,-0.898
Ghana,child_iron,3,16,5,0.6,15,195,16.7,16.537,3.023,11.939,3.862
Ghana,child_iron,1,16,5,0.8,22,263,22.6,15.46,-9.935,10.564,-9.505
Ghana,child_iron,2,16,5,0.8,14,180,15.5,14.799,-6.583,8.765,-5.634
Ghana,child_iron,3,16,5,0.8,19,208,17.9,13.272,-4.376,6.994,-4.436
Ghana,child_iron,1,16,5,1,28,312,26.8,14.092,0.396,6.827,1.064
Ghana,child_iron,2,16,5,1,31,366,31.4,13.828,4.919,7.544,3.93
Ghana,child_iron,3,16,5,1,27,333,28.6,14.24,1.701,7.963,2.512
Ghana,child_iron,1,16,6,0.15,8,91,7.8,15.213,-3.708,11.481,-2.739
Ghana,child_iron,2,16,6,0.15,7,92,7.9,15.311,-0.004,10.653,-0.392
Ghana,child_iron,3,16,6,0.15,7,80,6.9,15.397,2.606,11.241,4.134
Ghana,child_iron,1,16,6,0.25,11,160,13.7,15.523,3.719,9.269,4.315
Ghana,child_iron,2,16,6,0.25,8,101,8.7,16.084,1.013,11.422,-0.041
Ghana,child_iron,3,16,6,0.25,10,119,10.2,14.433,-1.611,8.174,-2.739
Ghana,child_iron,1,16,6,0.4,16,208,17.9,15.326,-6.85,12.12,-6.409
Ghana,child_iron,2,16,6,0.4,14,184,15.8,15.544,6.394,13.469,5.692
Ghana,child_iron,3,16,6,0.4,15,202,17.3,13.669,-3.959,8.073,-4.207
Ghana,child_iron,1,16,6,0.6,26,297,25.5,14.882,-7.496,9.058,-7.771
Ghana,child_iron,2,16,6,0.6,15,165,14.2,13.864,-1.753,10.14,-1.024
Ghana,child_iron,3,16,6,0.6,19,211,18.1,14.922,-5.686,8.675,-5.953
Ghana,child_iron,1,16,6,0.8,21,225,19.3,14.783,-5.485,9.498,-5.612
Ghana,child_iron,2,16,6,0.8,17,223,19.1,14.654,-4.636,8.583,-4.376
Ghana,child_iron,3,16,6,0.8,19,242,20.8,14.033,-4.143,8.044,-4.208
Ghana,child_iron,1,16,6,1,45,549,47.1,14.67,-3.649,8.873,-2.271
Ghana,child_iron,2,16,6,1,26,327,28.1,15.34,3.964,6.714,2.182
Ghana,child_iron,3,16,6,1,39,538,46.2,13.961,6.24,6.52,5.56
Ghana,child_iron,1,16,8,0.15,9,110,9.4,12.605,-2.649,9.683,-2.25
Ghana,child_iron,2,16,8,0.15,10,130,11.2,15.263,-2.66,8.011,-2.06
Ghana,child_iron,3,16,8,0.15,10,143,12.3,15.381,-4.58,9.948,-3.656
Ghana,child_iron,1,16,8,0.25,13,154,13.2,11.738,-0.448,8.348,-0.698
Ghana,child_iron,2,16,8,0.25,14,151,13,13.715,2.942,8.321,4.082
Ghana,child_iron,3,16,8,0.25,15,208,17.9,15.099,-1.27,10.487,0.947
Ghana,child_iron,1,16,8,0.4,25,308,26.4,14.207,6.28,9.309,6.385
Ghana,child_iron,2,16,8,0.4,17,218,18.7,14.664,7.239,9.06,5.087
Ghana,child_iron,3,16,8,0.4,16,177,15.2,14.032,-8.784,9.712,-8.849
Ghana,child_iron,1,16,8,0.6,23,365,31.3,16.829,10.08,8.946,7.257
Ghana,child_iron,2,16,8,0.6,17,248,21.3,15.772,-2.939,8.482,-3.1
Ghana,child_iron,3,16,8,0.6,26,325,27.9,14.905,8.242,6.151,5.148
Ghana,child_iron,1,16,8,0.8,41,499,42.8,12.607,1.272,7.432,0.731
Ghana,child_iron,2,16,8,0.8,33,387,33.2,13.842,-2.303,7.229,-0.803
Ghana,child_iron,3,16,8,0.8,47,561,48.2,13.334,3.844,7.913,4.236
Ghana,child_iron,1,16,8,1,45,615,52.8,13.323,1.432,5.966,0.901
Ghana,child_iron,2,16,8,1,56,765,65.7,12.468,3.384,5.043,3.958
Ghana,child_iron,3,16,8,1,25,354,30.4,15.276,-4.082,6.823,-4.208
Ghana,child_iron,1,16,10,0.15,11,139,11.9,14.873,-9.717,9.982,-8.495
Ghana,child_iron,2,16,10,0.15,11,137,11.8,13.696,0.502,10.175,0.206
Ghana,child_iron,3,16,10,0.15,11,128,11,13.887,-3.503,8.855,-3.133
Ghana,child_iron,1,16,10,0.25,16,208,17.9,13.053,-2.217,8.865,-2.296
Ghana,child_iron,2,16,10,0.25,19,245,21,13.125,-4.029,8.486,-4.724
Ghana,child_iron,3,16,10,0.25,17,236,20.3,13.34,-0.541,8.173,-1.811
Ghana,child_iron,1,16,10,0.4,26,364,31.2,13.245,3.426,7.7,4.106
Ghana,child_iron,2,16,10,0.4,22,343,29.4,13.702,2.469,7.081,0.817
Ghana,child_iron,3,16,10,0.4,23,334,28.7,11.776,-1.172,5.532,-2.464
Ghana,child_iron,1,16,10,0.6,37,506,43.4,14.022,-3.524,7.226,-2.989
Ghana,child_iron,2,16,10,0.6,37,420,36.1,15.735,-3.76,8.29,-3.145
Ghana,child_iron,3,16,10,0.6,32,398,34.2,14.678,-1.656,6.315,-1.604
Ghana,child_iron,1,16,10,0.8,45,661,56.7,13.189,0.047,5.966,-0.691
Ghana,child_iron,2,16,10,0.8,50,690,59.2,12.347,1.94,4.291,0.786
Ghana,child_iron,3,16,10,0.8,46,601,51.6,14.297,-1.626,6.035,-1.773
Ghana,child_iron,1,16,10,1,60,827,71,12.843,3.319,3.284,2.456
Ghana,child_iron,2,16,10,1,61,735,63.1,13.697,-2.606,4.498,-1.714
Ghana,child_iron,3,16,10,1,51,694,59.6,15.141,7.236,5.623,5.623
Ghana,child_iron,1,16,11,0.15,13,137,11.8,12.833,-4.425,8.645,-4.302
Ghana,child_iron,2,16,11,0.15,12,152,13,16.19,-1.895,10.715,-2.596
Ghana,child_iron,3,16,11,0.15,13,161,13.8,15.565,0.677,9.667,3.261
Ghana,child_iron,1,16,11,0.25,21,270,23.2,11.505,-2.101,6.021,-2.194
Ghana,child_iron,2,16,11,0.25,21,276,23.7,12.752,-4.549,7.934,-5.286
Ghana,child_iron,3,16,11,0.25,20,235,20.2,13.671,-5.514,8.2,-5.343
Ghana,child_iron,1,16,11,0.4,23,321,27.6,13.877,5.628,5.365,1.95
Ghana,child_iron,2,16,11,0.4,24,336,28.8,14.943,-1.09,7.634,-0.767
Ghana,child_iron,3,16,11,0.4,23,315,27,13.633,5.164,5.824,3.221
Ghana,child_iron,1,16,11,0.6,34,450,38.6,15.315,-5.73,7.866,-6.016
Ghana,child_iron,2,16,11,0.6,32,421,36.1,14.909,0.671,6.435,0.161
Ghana,child_iron,3,16,11,0.6,45,615,52.8,12.642,0.844,4.018,0.7
Ghana,child_iron,1,16,11,0.8,56,692,59.4,12.88,2.127,4.679,1.156
Ghana,child_iron,2,16,11,0.8,50,683,58.6,12.634,-0.112,6.702,-1.397
Ghana,child_iron,3,16,11,0.8,52,601,51.6,13.976,-3.903,6.417,-2.725
Ghana,child_iron,1,16,11,1,68,915,78.5,12.855,3.192,3.793,2.977
Ghana,child_iron,2,16,11,1,60,746,64,13.744,4.667,4.294,3.802
Ghana,child_iron,3,16,11,1,71,884,75.9,13.885,-2.48,3.649,-2.347
Ghana,child_iron,1,16,13,0.15,14,184,15.8,17.756,-0.723,11.712,-2.517
Ghana,child_iron,2,16,13,0.15,15,209,17.9,15.267,1.203,11.016,-0.32
Ghana,child_iron,3,16,13,0.15,15,228,19.6,13.6,1.418,7.683,-0.218
Ghana,child_iron,1,16,13,0.25,22,267,22.9,14.4,-3.01,9.012,-4.967
Ghana,child_iron,2,16,13,0.25,22,298,25.6,14.604,-0.2,8.102,-1.362
Ghana,child_iron,3,16,13,0.25,21,260,22.3,13.551,2.526,5.871,1.096
Ghana,child_iron,1,16,13,0.4,31,377,32.4,12.363,0.489,6.282,-1.168
Ghana,child_iron,2,16,13,0.4,29,437,37.5,15.208,-4.608,7.071,-3.147
Ghana,child_iron,3,16,13,0.4,32,453,38.9,13.568,2.025,4.877,0.051
Ghana,child_iron,1,16,13,0.6,40,492,42.2,12.226,2.652,2.799,0.321
Ghana,child_iron,2,16,13,0.6,48,632,54.2,12.473,1.441,3.436,-0.278
Ghana,child_iron,3,16,13,0.6,41,487,41.8,14.836,-2.652,5.472,-2.898
Ghana,child_iron,1,16,13,0.8,63,834,71.6,13.155,1.449,3.207,1.399
Ghana,child_iron,2,16,13,0.8,58,754,64.7,12.937,3.603,3.356,1.702
Ghana,child_iron,3,16,13,0.8,56,712,61.1,14.31,-3.513,4.669,-3.499
Ghana,child_iron,1,16,13,1,75,978,83.9,12.502,1.886,1.034,0.022
Ghana,child_iron,2,16,13,1,68,849,72.9,14.179,-3.028,3.22,-3.22
Ghana,child_iron,3,16,13,1,64,853,73.2,14.358,-2.025,3.056,-2.41
Ghana,child_iron,1,16,14,0.15,16,217,18.6,14.699,-0.086,8.152,-2.167
Ghana,child_iron,2,16,14,0.15,16,211,18.1,13.29,-0.46,7.518,-2.419
Ghana,child_iron,3,16,14,0.15,16,220,18.9,13.281,-5.159,7.877,-5.88
Ghana,child_iron,1,16,14,0.25,24,321,27.6,14.072,0.222,6.205,0.074
Ghana,child_iron,2,16,14,0.25,23,270,23.2,15.823,-7.756,10.864,-7.513
Ghana,child_iron,3,16,14,0.25,23,324,27.8,12.068,-2.615,6.273,-4.562
Ghana,child_iron,1,16,14,0.4,31,408,35,14.968,-2.749,6.859,-2.442
Ghana,child_iron,2,16,14,0.4,33,418,35.9,14.625,4.504,7.567,3.52
Ghana,child_iron,3,16,14,0.4,32,431,37,15.468,7.533,7.351,4.523
Ghana,child_iron,1,16,14,0.6,50,643,55.2,13.336,0.684,5.379,-0.836
Ghana,child_iron,2,16,14,0.6,52,696,59.7,12.408,0.961,3.631,-0.266
Ghana,child_iron,3,16,14,0.6,49,653,56.1,12.24,-1.486,4.702,-3.134
Ghana,child_iron,1,16,14,0.8,68,880,75.5,12.266,2.063,3.687,1.543
Ghana,child_iron,2,16,14,0.8,64,822,70.6,13.157,-1.723,5.494,-2.69
Ghana,child_iron,3,16,14,0.8,68,862,74,12.644,0.955,3.131,0.364
Ghana,child_iron,1,16,14,1,78,1015,87.1,12.583,1.747,0.764,0.151
Ghana,child_iron,2,16,14,1,77,982,84.3,14.47,-1.614,2.453,-1.721
Ghana,child_iron,3,16,14,1,88,1132,97.2,12.633,1.728,2.143,2.143
Ghana,child_iron,1,16,16,0.15,18,233,20,14.612,2.707,7.731,0.33
Ghana,child_iron,2,16,16,0.15,18,241,20.7,15.06,-2.408,9.29,-3.485
Ghana,child_iron,3,16,16,0.15,18,234,20.1,18.746,5.153,12.411,4.313
Ghana,child_iron,1,16,16,0.25,27,370,31.8,13.398,0.232,6.71,-1.12
Ghana,child_iron,2,16,16,0.25,27,407,34.9,15.096,3.97,6.94,3.84
Ghana,child_iron,3,16,16,0.25,27,361,31,12.983,-1.228,5.581,-1.633
Ghana,child_iron,1,16,16,0.4,36,497,42.7,13.019,5.105,4.745,1.589
Ghana,child_iron,2,16,16,0.4,36,482,41.4,13.302,1.949,4.672,0.602
Ghana,child_iron,3,16,16,0.4,36,465,39.9,13.867,-0.126,7.582,-1.52
Ghana,child_iron,1,16,16,0.6,56,767,65.8,12.545,1.773,2.686,-0.178
Ghana,child_iron,2,16,16,0.6,56,644,55.3,12.57,1.235,3.976,-1.587
Ghana,child_iron,3,16,16,0.6,56,756,64.9,12.726,0.939,3.055,-1.516
Ghana,child_iron,1,16,16,0.8,71,891,76.5,12.943,2.214,2.959,0.217
Ghana,child_iron,2,16,16,0.8,71,954,81.9,12.944,2.181,1.999,0.141
Ghana,child_iron,3,16,16,0.8,71,898,77.1,13.089,1.07,2.178,-0.668
Ghana,child_iron,1,16,16,1,90,1165,100,12.619,1.714,0,0
Ghana,child_iron,2,16,16,1,90,1165,100,12.619,1.714,0,0
Ghana,child_iron,3,16,16,1,90,1165,100,12.619,1.714,0,0
Ghana,women_iron,1,16,3,0.15,3,37,3.8,12.778,-11.379,6.422,-5.242
Ghana,women_iron,3,16,3,0.15,3,39,4,11.744,-10.307,4.871,-4.271
Ghana,women_iron,1,16,3,0.25,7,91,9.3,9.785,-4.642,4.764,1.3
Ghana,women_iron,2,16,3,0.25,4,36,3.7,9.701,-6.05,3.283,-0.443
Ghana,women_iron,3,16,3,0.25,4,35,3.6,11.683,-9.698,4.749,-3.842
Ghana,women_iron,1,16,3,0.4,5,60,6.1,9.486,-1.604,6.087,4.461
Ghana,women_iron,2,16,3,0.4,7,60,6.1,10.906,-8.511,4.036,-2.432
Ghana,women_iron,3,16,3,0.4,5,38,3.9,12.176,-10.796,5.262,-4.703
Ghana,women_iron,1,16,3,0.6,9,101,10.3,9.457,-2.512,4.7,3.221
Ghana,women_iron,2,16,3,0.6,12,146,14.9,10.803,-8.174,4.102,-2.337
Ghana,women_iron,3,16,3,0.6,11,111,11.3,9.669,-3.448,4.079,1.949
Ghana,women_iron,1,16,3,0.8,13,122,12.4,9.863,-5.058,4.255,1.128
Ghana,women_iron,2,16,3,0.8,9,79,8.1,10.43,-7.795,3.598,-1.918
Ghana,women_iron,3,16,3,0.8,7,88,9,10.636,-7.564,3.893,-1.516
Ghana,women_iron,1,16,3,1,7,83,8.5,10.874,-7.659,3.606,-1.801
Ghana,women_iron,2,16,3,1,10,94,9.6,11.03,-8.073,3.575,-2.139
Ghana,women_iron,3,16,3,1,18,188,19.2,9.771,-4.571,4.131,1.576
Ghana,women_iron,1,16,5,0.15,5,56,5.7,9.237,-2.675,4.568,2.954
Ghana,women_iron,2,16,5,0.15,7,101,10.3,10.109,-4.705,4.579,1.187
Ghana,women_iron,3,16,5,0.15,5,50,5.1,11.493,-8.689,4.967,-2.462
Ghana,women_iron,1,16,5,0.25,8,116,11.8,10.458,-6.283,4.316,-1.083
Ghana,women_iron,2,16,5,0.25,6,50,5.1,8.977,-3.727,3.597,1.893
Ghana,women_iron,3,16,5,0.25,9,90,9.2,12.384,-11.795,6.038,-5.882
Ghana,women_iron,1,16,5,0.4,10,115,11.7,10.713,-7.367,4.289,-2.039
Ghana,women_iron,2,16,5,0.4,10,100,10.2,10.602,-7.762,3.712,-2.53
Ghana,women_iron,3,16,5,0.4,6,59,6,10.17,-6.163,3.538,-0.535
Ghana,women_iron,1,16,5,0.6,16,176,17.9,10.369,-6.598,3.218,-1.392
Ghana,women_iron,2,16,5,0.6,16,173,17.6,9.793,-2.954,5.05,2.975
Ghana,women_iron,3,16,5,0.6,14,138,14.1,9.93,-4.497,3.798,0.942
Ghana,women_iron,1,16,5,0.8,17,164,16.7,9.61,-5.942,3.717,-0.092
Ghana,women_iron,2,16,5,0.8,13,137,14,10.699,-7.122,3.359,-1.347
Ghana,women_iron,3,16,5,0.8,19,181,18.5,10.799,-8.09,3.413,-2.372
Ghana,women_iron,1,16,5,1,27,287,29.3,9.431,-3.776,2.867,1.94
Ghana,women_iron,2,16,5,1,22,240,24.5,9.977,-4.313,3.04,0.899
Ghana,women_iron,3,16,5,1,42,498,50.8,8.899,-2.997,3.255,3.048
Ghana,women_iron,1,16,6,0.15,6,60,6.1,9.413,-2.809,4.669,2.429
Ghana,women_iron,2,16,6,0.15,7,78,8,9.352,-4.66,4.175,0.704
Ghana,women_iron,3,16,6,0.15,6,63,6.4,10.662,-7.818,4.393,-2.555
Ghana,women_iron,1,16,6,0.25,10,118,12,10.446,-7.057,3.995,-1.893
Ghana,women_iron,2,16,6,0.25,7,78,8,12.241,-11.545,5.83,-5.44
Ghana,women_iron,3,16,6,0.25,11,147,15,10.838,-7.512,4.385,-1.697
Ghana,women_iron,1,16,6,0.4,11,89,9.1,9.124,-6.28,3.946,-0.032
Ghana,women_iron,2,16,6,0.4,12,124,12.6,9.801,-1.868,5.551,3.489
Ghana,women_iron,3,16,6,0.4,9,75,7.6,11.605,-9.497,4.984,-3.55
Ghana,women_iron,1,16,6,0.6,13,131,13.4,12.245,-10.378,4.807,-4.496
Ghana,women_iron,2,16,6,0.6,21,219,22.3,8.989,-4.026,2.875,1.677
Ghana,women_iron,3,16,6,0.6,19,202,20.6,9.667,-6.659,3.355,-1.08
Ghana,women_iron,1,16,6,0.8,29,298,30.4,9.518,-4.764,3.39,0.81
Ghana,women_iron,2,16,6,0.8,26,268,27.3,9.169,-2.173,4.093,3.308
Ghana,women_iron,3,16,6,0.8,31,376,38.3,10.186,-6.084,3.851,-0.162
Ghana,women_iron,1,16,6,1,26,284,29,9.878,-5.023,2.639,0.089
Ghana,women_iron,2,16,6,1,44,506,51.6,9.266,-3.998,3.132,2.147
Ghana,women_iron,3,16,6,1,41,469,47.8,9.999,-6.297,3.343,-0.024
Ghana,women_iron,1,16,8,0.15,10,103,10.5,10.048,-5.238,5.116,1.031
Ghana,women_iron,2,16,8,0.15,9,102,10.4,10.333,-2.517,4.644,1.438
Ghana,women_iron,3,16,8,0.15,9,102,10.4,10.739,-6.24,4.904,-1.116
Ghana,women_iron,1,16,8,0.25,13,133,13.6,9.977,-2.697,4.353,1.754
Ghana,women_iron,2,16,8,0.25,13,135,13.8,9.889,-4.613,3.593,0.52
Ghana,women_iron,3,16,8,0.25,13,146,14.9,9.762,-4.945,3.762,-1.329
Ghana,women_iron,1,16,8,0.4,22,245,25,9.349,-3.859,4.729,2.214
Ghana,women_iron,2,16,8,0.4,22,264,26.9,10.484,-6.267,4.234,0.244
Ghana,women_iron,3,16,8,0.4,18,207,21.1,10.281,-7.343,4.155,-1.803
Ghana,women_iron,1,16,8,0.6,27,334,34,10.567,-6.417,3.4,-0.642
Ghana,women_iron,2,16,8,0.6,29,311,31.7,8.956,-4.451,2.405,0.57
Ghana,women_iron,3,16,8,0.6,31,321,32.7,8.894,-2.203,3.044,2.732
Ghana,women_iron,1,16,8,0.8,40,416,42.4,9.275,-5.116,2.942,0.772
Ghana,women_iron,2,16,8,0.8,37,446,45.5,9.968,-5.542,2.715,-0.234
Ghana,women_iron,3,16,8,0.8,26,262,26.7,10.352,-5.205,3.291,-0.412
Ghana,women_iron,1,16,8,1,59,673,68.6,8.946,-3.342,2.554,2.39
Ghana,women_iron,2,16,8,1,46,450,45.9,8.806,-3.876,1.63,1.316
Ghana,women_iron,3,16,8,1,53,599,61.1,9.796,-6.003,2.56,-0.454
Ghana,women_iron,1,16,10,0.15,11,122,12.4,10.197,-3.179,5.189,2.732
Ghana,women_iron,2,16,10,0.15,11,123,12.5,9.966,-3.518,4.419,0.724
Ghana,women_iron,3,16,10,0.15,11,123,12.5,10.647,-7.063,4.386,-1.462
Ghana,women_iron,1,16,10,0.25,17,212,21.6,10.086,-5.231,3.862,-0.121
Ghana,women_iron,2,16,10,0.25,16,131,13.4,9.696,-3.137,4.472,2.409
Ghana,women_iron,3,16,10,0.25,16,204,20.8,9.735,-5.169,2.723,0.015
Ghana,women_iron,1,16,10,0.4,21,242,24.7,10.485,-5.713,4.082,-0.749
Ghana,women_iron,2,16,10,0.4,19,216,22,11.697,-10.079,4.965,-4.283
Ghana,women_iron,3,16,10,0.4,23,249,25.4,9.446,-4.943,3.628,0.413
Ghana,women_iron,1,16,10,0.6,40,476,48.5,9.396,-4.284,2.962,1.433
Ghana,women_iron,2,16,10,0.6,26,254,25.9,10.866,-8.101,3.319,-2.708
Ghana,women_iron,3,16,10,0.6,34,379,38.6,11.003,-7.558,3.922,-1.82
Ghana,women_iron,1,16,10,0.8,45,504,51.4,8.954,-4.641,2.371,0.887
Ghana,women_iron,2,16,10,0.8,46,488,49.7,9.289,-5.59,1.99,-0.314
Ghana,women_iron,3,16,10,0.8,48,471,48,9.603,-3.047,3.608,2.152
Ghana,women_iron,1,16,10,1,56,647,66,10.011,-6.125,2.009,-1.164
Ghana,women_iron,2,16,10,1,57,673,68.6,10.388,-5.784,2.387,-0.505
Ghana,women_iron,3,16,10,1,50,570,58.1,10.414,-6.436,2.313,-1.264
Ghana,women_iron,1,16,11,0.15,13,165,16.8,10.001,-0.891,4.355,2.844
Ghana,women_iron,2,16,11,0.15,12,100,10.2,11.476,-8.645,5.396,-2.014
Ghana,women_iron,3,16,11,0.15,12,109,11.1,10.212,-6.464,5.396,0.075
Ghana,women_iron,1,16,11,0.25,19,204,20.8,10.288,-4.979,4.341,0.434
Ghana,women_iron,2,16,11,0.25,19,193,19.7,10.998,-7.892,4.493,-2.625
Ghana,women_iron,3,16,11,0.25,17,186,19,9.364,-3.061,3.277,1.572
Ghana,women_iron,1,16,11,0.4,22,221,22.5,9.379,-3.796,3.125,0.749
Ghana,women_iron,2,16,11,0.4,28,319,32.5,10.714,-7.135,3.65,-1.617
Ghana,women_iron,3,16,11,0.4,21,230,23.4,9.29,-3.818,2.436,0.188
Ghana,women_iron,1,16,11,0.6,37,334,34,8.921,-3.589,1.977,1.122
Ghana,women_iron,2,16,11,0.6,45,491,50.1,9.141,-5.163,2.77,0.605
Ghana,women_iron,3,16,11,0.6,35,418,42.6,9.342,-4.648,2.155,0.528
Ghana,women_iron,1,16,11,0.8,42,449,45.8,9.814,-3.982,3.061,0.698
Ghana,women_iron,2,16,11,0.8,48,540,55,9.361,-4.855,1.766,-0.169
Ghana,women_iron,3,16,11,0.8,54,568,57.9,8.771,-3.629,2.453,1.779
Ghana,women_iron,1,16,11,1,64,661,67.4,8.789,-3.699,1.27,1.241
Ghana,women_iron,2,16,11,1,66,739,75.3,9.271,-5.051,1.441,0.372
Ghana,women_iron,3,16,11,1,62,706,72,8.987,-4.094,0.869,0.517
Ghana,women_iron,1,16,13,0.15,14,161,16.4,9.601,-4.04,3.832,0.539
Ghana,women_iron,2,16,13,0.15,15,156,15.9,11.027,-7.858,4.212,-1.685
Ghana,women_iron,3,16,13,0.15,15,155,15.8,10.506,-7.269,3.973,-1.396
Ghana,women_iron,1,16,13,0.25,22,250,25.5,9.326,-4.783,3.637,-0.087
Ghana,women_iron,2,16,13,0.25,23,259,26.4,10.463,-5.025,4.659,-0.367
Ghana,women_iron,3,16,13,0.25,22,232,23.6,9.247,-3.238,3.137,1.209
Ghana,women_iron,1,16,13,0.4,32,347,35.4,9.379,-4.401,3.349,0.931
Ghana,women_iron,2,16,13,0.4,27,325,33.1,10.618,-6.659,3.818,-2.615
Ghana,women_iron,3,16,13,0.4,26,254,25.9,8.781,-3.88,2.929,0.54
Ghana,women_iron,1,16,13,0.6,47,493,50.3,9.89,-6.768,3.819,-0.995
Ghana,women_iron,2,16,13,0.6,49,567,57.8,9.298,-4.351,2.087,0.635
Ghana,women_iron,3,16,13,0.6,52,574,58.5,9.405,-4.434,2.663,0.992
Ghana,women_iron,1,16,13,0.8,61,677,69,8.461,-3.641,1.368,0.397
Ghana,women_iron,2,16,13,0.8,59,644,65.6,8.755,-2.953,1.835,1.493
Ghana,women_iron,3,16,13,0.8,62,677,69,8.769,-3.596,1.499,0.776
Ghana,women_iron,1,16,13,1,75,832,84.8,9.314,-5.166,1.096,0.134
Ghana,women_iron,2,16,13,1,82,914,93.2,8.976,-4.208,1.217,1.217
Ghana,women_iron,3,16,13,1,71,813,82.9,9.779,-5.264,1.128,-0.719
Ghana,women_iron,1,16,14,0.15,16,161,16.4,10.828,-7.818,5.11,-3.61
Ghana,women_iron,2,16,14,0.15,15,152,15.5,10.353,-7.479,5.4,-1.653
Ghana,women_iron,3,16,14,0.15,16,177,18,10.405,-4.075,4.434,0.984
Ghana,women_iron,1,16,14,0.25,22,254,25.9,10.103,-4.567,3.737,0.357
Ghana,women_iron,2,16,14,0.25,22,218,22.2,9.889,-4.027,4.092,0.49
Ghana,women_iron,3,16,14,0.25,23,246,25.1,10.426,-7.239,4.078,-1.979
Ghana,women_iron,1,16,14,0.4,33,334,34,10.419,-7.685,3.789,-2.5
Ghana,women_iron,2,16,14,0.4,33,348,35.5,9.026,-4.892,2.93,-0.056
Ghana,women_iron,3,16,14,0.4,30,347,35.4,9.523,-5.495,2.636,-0.662
Ghana,women_iron,1,16,14,0.6,50,571,58.2,8.974,-3.05,2.315,1.087
Ghana,women_iron,2,16,14,0.6,53,574,58.5,9.176,-4.738,1.765,0.296
Ghana,women_iron,3,16,14,0.6,49,499,50.9,9.244,-3.639,1.216,0.282
Ghana,women_iron,1,16,14,0.8,60,651,66.4,9.409,-4.397,1.259,0.063
Ghana,women_iron,2,16,14,0.8,59,600,61.2,8.761,-3.639,1.706,1.435
Ghana,women_iron,3,16,14,0.8,60,655,66.8,8.987,-4.626,1.42,0.185
Ghana,women_iron,1,16,14,1,84,899,91.6,8.772,-4.177,0.556,0.556
Ghana,women_iron,2,16,14,1,83,901,91.8,8.95,-4.61,0.158,-0.158
Ghana,women_iron,3,16,14,1,81,903,92,9.102,-4.141,0.409,0.282
Ghana,women_iron,1,16,16,0.15,18,164,16.7,10.381,-5.264,4.337,-1.409
Ghana,women_iron,2,16,16,0.15,18,196,20,11.635,-8.907,4.736,-3.491
Ghana,women_iron,3,16,16,0.15,18,195,19.9,9.769,-5.386,4.614,-1.174
Ghana,women_iron,1,16,16,0.25,27,285,29.1,9.162,-3.027,3.394,1.061
Ghana,women_iron,2,16,16,0.25,27,272,27.7,9.463,-4.867,3.368,0.457
Ghana,women_iron,3,16,16,0.25,27,292,29.8,10.267,-6.186,3.422,-1.414
Ghana,women_iron,1,16,16,0.4,36,357,36.4,8.6,-3.092,2.908,1.798
Ghana,women_iron,2,16,16,0.4,36,393,40.1,9.466,-5.938,2.594,-1.147
Ghana,women_iron,3,16,16,0.4,36,414,42.2,9.723,-4.892,2.625,0.403
Ghana,women_iron,1,16,16,0.6,56,616,62.8,9.58,-5.42,1.469,-0.699
Ghana,women_iron,2,16,16,0.6,56,619,63.1,9.353,-4.87,2.062,0.113
Ghana,women_iron,3,16,16,0.6,56,594,60.6,9.697,-6.008,2.342,-0.782
Ghana,women_iron,1,16,16,0.8,71,771,78.6,9.333,-5.22,1.364,-0.575
Ghana,women_iron,2,16,16,0.8,71,756,77.1,8.763,-3.792,1.43,0.703
Ghana,women_iron,3,16,16,0.8,71,776,79.1,8.976,-4.058,1.097,0.202
Ghana,women_iron,1,16,16,1,90,981,100,8.993,-4.485,0,0
Ghana,women_iron,2,16,16,1,90,981,100,8.993,-4.485,0,0
Ghana,women_iron,3,16,16,1,90,981,100,8.993,-4.485,0,0
Ghana,women_folate,1,16,3,0.4,11,65,13.7,26.105,-0.884,16.887,-0.231
Ghana,women_folate,3,16,3,0.4,7,33,6.9,22.882,5.277,16.329,4.023
Ghana,women_folate,1,16,3,0.6,10,43,9.1,23.46,-5.065,16.02,-5.16
Ghana,women_folate,2,16,3,0.6,12,80,16.8,26.299,-5.193,20.068,-5.603
Ghana,women_folate,1,16,3,0.8,19,94,19.8,25.716,-11.86,18.965,-12.416
Ghana,women_folate,2,16,3,0.8,11,48,10.1,25.062,-1.352,16.17,-0.777
Ghana,women_folate,1,16,3,1,18,84,17.7,23.659,-6.608,15.215,-6.506
Ghana,women_folate,2,16,3,1,20,112,23.6,25.219,4.511,16.441,5.057
Ghana,women_folate,3,16,3,1,26,148,31.2,25.483,-3.421,17.082,-3.651
Ghana,women_folate,1,16,5,0.15,7,47,9.9,26.488,0.647,19.054,-0.904
Ghana,women_folate,3,16,5,0.15,6,33,6.9,25.829,-16.225,21.382,-15.647
Ghana,women_folate,1,16,5,0.25,7,33,6.9,24.474,-5.553,17.828,-5.026
Ghana,women_folate,2,16,5,0.25,7,31,6.5,24.815,11.723,18.249,11.176
Ghana,women_folate,3,16,5,0.25,9,48,10.1,28.462,-17.019,24.964,-17.372
Ghana,women_folate,1,16,5,0.4,8,37,7.8,24.508,3.963,18.152,3.124
Ghana,women_folate,2,16,5,0.4,13,54,11.4,29.141,-17.971,25.547,-18.847
Ghana,women_folate,3,16,5,0.4,7,42,8.8,24.564,4.094,18.514,3.204
Ghana,women_folate,1,16,5,0.6,20,99,20.8,25.013,-6.74,16.134,-6.599
Ghana,women_folate,2,16,5,0.6,16,96,20.2,27.914,14.15,22.315,15.039
Ghana,women_folate,3,16,5,0.6,19,119,25.1,26.317,-3.065,19.1,-3.891
Ghana,women_folate,1,16,5,0.8,19,97,20.4,26.07,8.88,17.436,9.361
Ghana,women_folate,2,16,5,0.8,30,141,29.7,24.388,-4.22,14.516,-4.01
Ghana,women_folate,3,16,5,0.8,20,112,23.6,25.6,10.907,18.888,11.024
Ghana,women_folate,1,16,5,1,28,142,29.9,25.759,4.649,16.365,5.255
Ghana,women_folate,2,16,5,1,30,161,33.9,25.592,6.9,16.136,6.427
Ghana,women_folate,3,16,5,1,21,119,25.1,26.039,10.472,16.543,10.401
Ghana,women_folate,1,16,6,0.15,7,41,8.6,26.147,1.274,19.429,1.709
Ghana,women_folate,2,16,6,0.15,8,52,10.9,25.578,3.535,17.201,6.469
Ghana,women_folate,3,16,6,0.15,8,43,9.1,26.555,-13.238,20.68,-15.263
Ghana,women_folate,1,16,6,0.25,12,66,13.9,25.853,-6.658,19.015,-6.041
Ghana,women_folate,2,16,6,0.25,9,48,10.1,23.289,4.796,14.411,5.251
Ghana,women_folate,1,16,6,0.4,10,59,12.4,24.727,3.501,15.703,4.41
Ghana,women_folate,2,16,6,0.4,11,50,10.5,25.746,4.601,17.219,4.431
Ghana,women_folate,3,16,6,0.4,12,59,12.4,25.834,-6.307,17.612,-6.205
Ghana,women_folate,1,16,6,0.6,23,130,27.4,25.606,4.74,15.002,4.497
Ghana,women_folate,2,16,6,0.6,18,97,20.4,24.818,-10.322,17.08,-9.311
Ghana,women_folate,3,16,6,0.6,19,115,24.2,26.139,-2.569,17.053,-2.325
Ghana,women_folate,1,16,6,0.8,34,183,38.5,25.142,-0.445,16.75,-1.312
Ghana,women_folate,2,16,6,0.8,21,117,24.6,26.042,6.978,15.865,7.71
Ghana,women_folate,3,16,6,0.8,26,160,33.7,25.571,-2.752,17.809,-2.334
Ghana,women_folate,1,16,6,1,25,124,26.1,23.051,-2.408,12.143,-2.018
Ghana,women_folate,2,16,6,1,48,274,57.7,25.665,3.377,14.916,3.986
Ghana,women_folate,3,16,6,1,31,151,31.8,24.864,-7.818,15.58,-8.119
Ghana,women_folate,1,16,8,0.15,10,48,10.1,29.167,-11.026,24.674,-12.718
Ghana,women_folate,2,16,8,0.15,9,48,10.1,25.5,8.425,21.48,10.365
Ghana,women_folate,3,16,8,0.15,9,39,8.2,28.57,-11.238,22.904,-10.396
Ghana,women_folate,1,16,8,0.25,13,62,13.1,27.324,-13.199,21.603,-11.641
Ghana,women_folate,2,16,8,0.25,15,77,16.2,25.059,1.063,19.614,3.042
Ghana,women_folate,3,16,8,0.25,15,83,17.5,27.877,-10.568,21.52,-11.428
Ghana,women_folate,1,16,8,0.4,22,119,25.1,27.323,7.998,19.566,8.947
Ghana,women_folate,2,16,8,0.4,19,109,22.9,26.32,-4.593,19.327,-2.299
Ghana,women_folate,3,16,8,0.4,18,90,18.9,25.811,-0.614,15.836,0.489
Ghana,women_folate,1,16,8,0.6,25,119,25.1,26.755,5.922,17.095,6.971
Ghana,women_folate,2,16,8,0.6,20,96,20.2,25.348,-9.768,16.333,-8.794
Ghana,women_folate,3,16,8,0.6,29,147,30.9,23.711,0.722,12.552,2.153
Ghana,women_folate,1,16,8,0.8,45,237,49.9,23.692,-1.981,13.756,-2.312
Ghana,women_folate,2,16,8,0.8,35,186,39.2,24.494,3.709,15.154,2.741
Ghana,women_folate,3,16,8,0.8,31,145,30.5,23.941,-4.798,14.26,-4.44
Ghana,women_folate,1,16,8,1,58,322,67.8,24.916,1.176,13.939,1.689
Ghana,women_folate,2,16,8,1,31,159,33.5,24.707,9.5,14.118,9.597
Ghana,women_folate,3,16,8,1,46,214,45.1,23.095,-2.943,10.439,-3.274
Ghana,women_folate,1,16,10,0.15,10,55,11.6,25.425,12.809,21.136,12.121
Ghana,women_folate,2,16,10,0.15,11,47,9.9,25.048,-4.084,17.895,-3.81
Ghana,women_folate,3,16,10,0.15,11,49,10.3,26.237,-6.857,19.771,-6.426
Ghana,women_folate,1,16,10,0.25,17,97,20.4,27.395,3.457,18.672,4.445
Ghana,women_folate,2,16,10,0.25,15,69,14.5,27.184,14.514,23.501,15.295
Ghana,women_folate,3,16,10,0.25,17,100,21.1,27.057,8.217,18.924,7.762
Ghana,women_folate,1,16,10,0.4,22,90,18.9,27.5,-1.536,19.777,-3.073
Ghana,women_folate,2,16,10,0.4,28,157,33.1,27.757,-4.681,21.342,-3.896
Ghana,women_folate,3,16,10,0.4,20,99,20.8,28.904,14.218,22.042,16.683
Ghana,women_folate,1,16,10,0.6,29,165,34.7,26.892,8.291,16.754,8.17
Ghana,women_folate,2,16,10,0.6,39,202,42.5,26.646,6.49,15.549,7.034
Ghana,women_folate,3,16,10,0.6,39,217,45.7,23.461,-4.212,13.429,-3.453
Ghana,women_folate,1,16,10,0.8,50,277,58.3,23.094,-3.25,13.485,-3.81
Ghana,women_folate,2,16,10,0.8,49,248,52.2,22.764,-2.074,11.772,-1.681
Ghana,women_folate,3,16,10,0.8,47,251,52.8,23.777,-1.968,11.598,-0.165
Ghana,women_folate,1,16,10,1,60,330,69.5,26.629,1.911,14.681,2.185
Ghana,women_folate,2,16,10,1,54,302,63.6,25.122,1.28,12.246,2.221
Ghana,women_folate,3,16,10,1,50,268,56.4,26.004,4.322,14.055,3.87
Ghana,women_folate,1,16,11,0.15,12,54,11.4,29.83,12.836,24.04,9.683
Ghana,women_folate,2,16,11,0.15,12,76,16,28.013,-0.205,20.995,-1.225
Ghana,women_folate,3,16,11,0.15,12,65,13.7,25.563,7.416,18.625,9.085
Ghana,women_folate,1,16,11,0.25,18,109,22.9,24.921,2.321,18.182,4.234
Ghana,women_folate,2,16,11,0.25,20,90,18.9,26.492,-6.915,17.333,-3.197
Ghana,women_folate,3,16,11,0.25,19,89,18.7,24.029,-5.086,18.103,-2.54
Ghana,women_folate,1,16,11,0.4,29,153,32.2,27.925,2.295,18.001,0.283
Ghana,women_folate,2,16,11,0.4,27,138,29.1,25.21,-6.565,17.469,-7.991
Ghana,women_folate,3,16,11,0.4,26,123,25.9,25.666,3.299,16.739,2.224
Ghana,women_folate,1,16,11,0.6,40,184,38.7,23.381,1.569,14.642,1.474
Ghana,women_folate,2,16,11,0.6,42,213,44.8,23.35,0.239,11.065,2.007
Ghana,women_folate,3,16,11,0.6,41,234,49.3,25.897,3.162,16.084,3.368
Ghana,women_folate,1,16,11,0.8,37,182,38.3,23.117,-4.084,11.155,-4.308
Ghana,women_folate,2,16,11,0.8,42,230,48.4,23.245,0.264,12.516,0.838
Ghana,women_folate,3,16,11,0.8,43,219,46.1,22.855,-5.478,15.152,-6.111
Ghana,women_folate,1,16,11,1,63,345,72.6,25.393,0.568,12.544,0.167
Ghana,women_folate,2,16,11,1,60,317,66.7,22.209,-1.1,8.706,-0.611
Ghana,women_folate,3,16,11,1,74,391,82.3,23.901,0.73,9.966,1.407
Ghana,women_folate,1,16,13,0.15,14,67,14.1,26.525,10.239,19.641,12.438
Ghana,women_folate,2,16,13,0.15,15,75,15.8,28.891,-8.719,22.886,-9.241
Ghana,women_folate,3,16,13,0.15,15,74,15.6,30.269,-16.56,25.929,-13.962
Ghana,women_folate,1,16,13,0.25,21,112,23.6,25.918,1.522,18.578,2.151
Ghana,women_folate,2,16,13,0.25,23,114,24,25.435,-3.871,20.971,-1.494
Ghana,women_folate,3,16,13,0.25,20,109,22.9,24.77,-5.964,15.717,-5.399
Ghana,women_folate,1,16,13,0.4,32,170,35.8,25.544,-4.614,15.219,-2.798
Ghana,women_folate,2,16,13,0.4,32,179,37.7,23.85,0.86,14.953,0.551
Ghana,women_folate,3,16,13,0.4,27,150,31.6,26.48,4.866,15.828,5.471
Ghana,women_folate,1,16,13,0.6,47,246,51.8,24.187,0.709,12.856,2.671
Ghana,women_folate,2,16,13,0.6,48,266,56,26.061,2.819,16.038,4.276
Ghana,women_folate,3,16,13,0.6,44,224,47.2,26.55,-1.047,17.396,-0.495
Ghana,women_folate,1,16,13,0.8,64,339,71.4,24.286,-0.617,11.553,0.124
Ghana,women_folate,2,16,13,0.8,64,315,66.3,24.398,-2.376,12.696,-2.176
Ghana,women_folate,3,16,13,0.8,52,281,59.2,26.806,5.834,14.692,6.341
Ghana,women_folate,1,16,13,1,68,341,71.8,22.78,-0.433,8.636,0.165
Ghana,women_folate,2,16,13,1,74,395,83.2,23.292,-1.463,6.937,-0.138
Ghana,women_folate,3,16,13,1,70,367,77.3,23.05,-1.135,7.9,-0.944
Ghana,women_folate,1,16,14,0.15,16,74,15.6,27.797,5.296,20.448,2.975
Ghana,women_folate,2,16,14,0.15,16,67,14.1,26.21,6.246,17.885,3.538
Ghana,women_folate,3,16,14,0.15,16,84,17.7,28.587,7.291,23.418,10.323
Ghana,women_folate,1,16,14,0.25,22,93,19.6,27.404,7.024,20.472,5.832
Ghana,women_folate,2,16,14,0.25,25,117,24.6,27.707,1.647,22.152,2.326
Ghana,women_folate,3,16,14,0.25,24,111,23.4,26.614,1.226,19.656,3.815
Ghana,women_folate,1,16,14,0.4,34,163,34.3,26.78,2.651,17.976,1.479
Ghana,women_folate,2,16,14,0.4,29,144,30.3,24.531,-0.387,14.69,-3.507
Ghana,women_folate,3,16,14,0.4,31,165,34.7,25.217,-0.92,12.143,0.058
Ghana,women_folate,1,16,14,0.6,52,288,60.6,24.094,0.889,10.69,1.828
Ghana,women_folate,2,16,14,0.6,49,259,54.5,23.132,-3.109,12.755,-0.769
Ghana,women_folate,3,16,14,0.6,51,242,50.9,25.677,-1.836,13.812,-1.303
Ghana,women_folate,1,16,14,0.8,60,287,60.4,24.415,0.299,13.032,-0.247
Ghana,women_folate,2,16,14,0.8,66,339,71.4,23.592,-5.145,13.579,-5.176
Ghana,women_folate,3,16,14,0.8,60,315,66.3,24.444,0.072,10.995,2.371
Ghana,women_folate,1,16,14,1,85,449,94.5,23.413,-0.833,6.869,-0.152
Ghana,women_folate,2,16,14,1,81,434,91.4,24.199,0.189,8.946,0.383
Ghana,women_folate,3,16,14,1,81,430,90.5,22.877,0.103,6.964,1.252
Ghana,women_folate,1,16,16,0.15,18,98,20.6,28.505,18.948,26.058,18.365
Ghana,women_folate,2,16,16,0.15,18,83,17.5,27.701,5.717,22.209,8.311
Ghana,women_folate,3,16,16,0.15,18,90,18.9,30.298,-0.611,21.854,-0.875
Ghana,women_folate,1,16,16,0.25,27,159,33.5,24.004,-1.03,15.446,-1.123
Ghana,women_folate,2,16,16,0.25,27,146,30.7,26.893,-3.648,19.882,-6.387
Ghana,women_folate,3,16,16,0.25,27,134,28.2,29.218,2.963,21.569,5.055
Ghana,women_folate,1,16,16,0.4,36,176,37.1,27.686,5.769,18.04,5.744
Ghana,women_folate,2,16,16,0.4,36,200,42.1,24.493,2.911,16.235,3.798
Ghana,women_folate,3,16,16,0.4,36,196,41.3,28.189,4.44,17.948,5.92
Ghana,women_folate,1,16,16,0.6,56,310,65.3,24.256,3.128,11.316,3.353
Ghana,women_folate,2,16,16,0.6,56,293,61.7,23.864,-1.738,11.57,-1.314
Ghana,women_folate,3,16,16,0.6,56,291,61.3,24.411,-1.057,12.156,-0.947
Ghana,women_folate,1,16,16,0.8,71,363,76.4,24.142,1.314,10.782,2.363
Ghana,women_folate,2,16,16,0.8,71,371,78.1,23.747,-1.864,10.535,-1.279
Ghana,women_folate,3,16,16,0.8,71,376,79.2,24.31,0.982,10.441,2.941
Ghana,women_folate,1,16,16,1,90,475,100,23.402,-0.306,6.25,0.573
Ghana,women_folate,2,16,16,1,90,475,100,23.402,-0.306,6.25,0.573
Ghana,women_folate,3,16,16,1,90,475,100,23.402,-0.306,6.25,0.573
Ghana,women_b12,1,16,3,0.25,7,42,8.9,10.817,-4.788,6.518,-3.695
Ghana,women_b12,3,16,3,0.4,8,57,12.1,10.588,-5.823,6.904,-5.116
Ghana,women_b12,1,16,3,0.6,10,60,12.7,11.827,-0.156,7.581,1.321
Ghana,women_b12,2,16,3,0.6,11,73,15.4,11.551,-0.324,5.801,1.299
Ghana,women_b12,3,16,3,0.6,20,111,23.5,9.909,-1.301,5.593,-0.832
Ghana,women_b12,1,16,3,0.8,19,89,18.8,10.782,-5.178,6.699,-4.261
Ghana,women_b12,2,16,3,0.8,18,110,23.3,10.43,-5.69,6.343,-4.58
Ghana,women_b12,3,16,3,0.8,8,30,6.3,12.066,2.181,6.726,4.698
Ghana,women_b12,1,16,3,1,21,114,24.1,10.775,1.437,6.751,1.956
Ghana,women_b12,2,16,3,1,8,31,6.6,10.324,-6.78,7.123,-5.827
Ghana,women_b12,3,16,3,1,26,129,27.3,10.627,0.819,6.208,1.299
Ghana,women_b12,1,16,5,0.15,6,32,6.8,10.567,-6.157,7.466,-4.884
Ghana,women_b12,2,16,5,0.15,6,32,6.8,10.169,-6.642,7.082,-5.491
Ghana,women_b12,3,16,5,0.15,7,44,9.3,14.715,7.539,10.733,9.175
Ghana,women_b12,1,16,5,0.25,7,40,8.5,9.829,-3.703,6.027,-2.954
Ghana,women_b12,2,16,5,0.25,11,56,11.8,12.561,2.41,8.821,3.34
Ghana,women_b12,3,16,5,0.25,7,40,8.5,9.614,-0.446,5.647,-0.612
Ghana,women_b12,1,16,5,0.4,10,63,13.3,10.588,-4.493,6.313,-3.138
Ghana,women_b12,2,16,5,0.4,12,62,13.1,10.605,-4.383,6.564,-2.94
Ghana,women_b12,3,16,5,0.4,7,43,9.1,11.137,-0.973,7.585,0.793
Ghana,women_b12,1,16,5,0.6,16,65,13.7,10.042,-8.494,8.236,-7.57
Ghana,women_b12,2,16,5,0.6,14,65,13.7,10.559,-4.754,5.481,-3.418
Ghana,women_b12,3,16,5,0.6,11,54,11.4,12.355,0.114,7.809,0.86
Ghana,women_b12,1,16,5,0.8,16,68,14.4,10.595,-5.786,6.329,-4.897
Ghana,women_b12,2,16,5,0.8,26,123,26,11.381,-3.425,6.522,-2.417
Ghana,women_b12,3,16,5,0.8,26,123,26,10.24,0.784,5.13,3.366
Ghana,women_b12,1,16,5,1,16,85,18,11.295,-0.649,4.357,1.029
Ghana,women_b12,2,16,5,1,31,167,35.3,10.734,-4.676,5.569,-3.636
Ghana,women_b12,3,16,5,1,32,182,38.5,11.215,-4.435,6.022,-3.455
Ghana,women_b12,1,16,6,0.15,7,30,6.3,9.873,-7.93,7.834,-6.923
Ghana,women_b12,2,16,6,0.15,7,32,6.8,12.544,-2.336,8.195,-1.422
Ghana,women_b12,3,16,6,0.15,6,34,7.2,12.505,1.919,7.211,4.027
Ghana,women_b12,1,16,6,0.25,10,59,12.5,12.013,-0.596,7.889,0.144
Ghana,women_b12,2,16,6,0.25,10,37,7.8,10.448,-1.255,5.972,-0.282
Ghana,women_b12,3,16,6,0.25,9,40,8.5,10.855,2.054,7.163,1.729
Ghana,women_b12,1,16,6,0.4,13,72,15.2,10.076,-3.71,3.212,-0.704
Ghana,women_b12,2,16,6,0.4,16,99,20.9,12.277,0.267,8.036,1.987
Ghana,women_b12,3,16,6,0.4,15,81,17.1,10.335,-4.671,5.139,-1.432
Ghana,women_b12,1,16,6,0.6,16,77,16.3,10.583,-4.251,5.448,-3.081
Ghana,women_b12,2,16,6,0.6,18,85,18,10.59,-6.11,6.475,-5.245
Ghana,women_b12,3,16,6,0.6,23,128,27.1,11.802,-1.725,6.832,-0.14
Ghana,women_b12,1,16,6,0.8,24,117,24.7,11.078,4.114,7.89,6.79
Ghana,women_b12,2,16,6,0.8,22,100,21.1,9.931,-4.672,3.949,-2.073
Ghana,women_b12,3,16,6,0.8,29,171,36.2,10.908,-4.294,5.891,-3.129
Ghana,women_b12,1,16,6,1,39,184,38.9,9.472,-1.643,4.725,-1.259
Ghana,women_b12,2,16,6,1,41,207,43.8,11.108,-4.51,5.486,-3.498
Ghana,women_b12,3,16,6,1,22,126,26.6,11.821,-2.239,5.862,-1.128
Ghana,women_b12,1,16,8,0.15,8,39,8.2,10.223,-0.772,6.613,-0.582
Ghana,women_b12,2,16,8,0.15,9,43,9.1,11.185,-2.772,7.366,-1.183
Ghana,women_b12,3,16,8,0.15,10,58,12.3,10.988,0.161,8.252,1.733
Ghana,women_b12,1,16,8,0.25,14,79,16.7,11.979,2.097,6.244,4.977
Ghana,women_b12,2,16,8,0.25,15,91,19.2,10.139,-1.131,6.666,-0.703
Ghana,women_b12,3,16,8,0.25,15,94,19.9,11.656,-0.911,6.949,1.039
Ghana,women_b12,1,16,8,0.4,23,115,24.3,9.604,-1.283,5.994,-1.078
Ghana,women_b12,2,16,8,0.4,17,96,20.3,10.248,2.111,5.307,4.426
Ghana,women_b12,3,16,8,0.4,18,83,17.5,9.264,-1.815,5.261,-1.48
Ghana,women_b12,1,16,8,0.6,31,170,35.9,8.985,-3.194,4.054,-2.409
Ghana,women_b12,2,16,8,0.6,28,120,25.4,9.891,-0.68,5.819,-0.358
Ghana,women_b12,3,16,8,0.6,19,97,20.5,12.551,3.715,7.305,5.184
Ghana,women_b12,1,16,8,0.8,39,192,40.6,10.849,-1.02,6.015,-1.334
Ghana,women_b12,2,16,8,0.8,40,214,45.2,10.514,-0.967,5.396,-0.51
Ghana,women_b12,3,16,8,0.8,24,119,25.2,11.267,-0.748,4.219,1.998
Ghana,women_b12,1,16,8,1,35,170,35.9,11.499,-4.063,5.781,-2.987
Ghana,women_b12,2,16,8,1,50,267,56.4,9.137,-2.243,4.118,-1.811
Ghana,women_b12,3,16,8,1,44,250,52.9,10.752,-0.192,4.916,0.345
Ghana,women_b12,1,16,10,0.15,12,60,12.7,9.709,-2.937,6.645,-2.191
Ghana,women_b12,2,16,10,0.15,12,61,12.9,8.947,-3.144,5.706,-1.997
Ghana,women_b12,3,16,10,0.15,12,52,11,11.913,-1.502,8.921,0.266
Ghana,women_b12,1,16,10,0.25,16,78,16.5,10.417,-6.103,7.891,-4.055
Ghana,women_b12,2,16,10,0.25,17,99,20.9,9.206,-2.546,5.594,-3.368
Ghana,women_b12,3,16,10,0.25,17,82,17.3,10.184,1.356,7.413,2.782
Ghana,women_b12,1,16,10,0.4,24,113,23.9,9.667,-4.913,6.586,-4.956
Ghana,women_b12,2,16,10,0.4,22,120,25.4,10.907,-2.889,6.777,-0.808
Ghana,women_b12,3,16,10,0.4,19,85,18,9.794,0.758,5.561,1.571
Ghana,women_b12,1,16,10,0.6,33,163,34.5,10.408,0.209,5.306,1.888
Ghana,women_b12,2,16,10,0.6,32,178,37.6,10.311,-0.774,6.47,-0.752
Ghana,women_b12,3,16,10,0.6,37,188,39.7,10.999,-2.185,4.934,0.893
Ghana,women_b12,1,16,10,0.8,46,244,51.6,11.178,-5.255,6.387,-4.345
Ghana,women_b12,2,16,10,0.8,48,259,54.8,10.955,-4.002,6.423,-2.771
Ghana,women_b12,3,16,10,0.8,54,306,64.7,9.931,0.307,3.713,1.669
Ghana,women_b12,1,16,10,1,54,289,61.1,11.424,-1.148,3.295,1.08
Ghana,women_b12,2,16,10,1,63,350,74,10.374,0.82,2.408,2.259
Ghana,women_b12,3,16,10,1,56,307,64.9,10.928,-1.8,2.782,0.5
Ghana,women_b12,1,16,11,0.15,13,65,13.7,11.014,1.336,8.575,2.354
Ghana,women_b12,2,16,11,0.15,13,82,17.3,10.679,-5.805,7.328,-4.81
Ghana,women_b12,3,16,11,0.15,13,73,15.4,11.163,-0.609,5.031,1.459
Ghana,women_b12,1,16,11,0.25,21,113,23.9,9.927,-1.99,5.252,-1.564
Ghana,women_b12,2,16,11,0.25,18,92,19.5,10.145,1.162,5.053,1.895
Ghana,women_b12,3,16,11,0.25,14,65,13.7,10.546,-1.473,4.287,1.238
Ghana,women_b12,1,16,11,0.4,25,116,24.5,10.308,-4.296,6.325,-2.687
Ghana,women_b12,2,16,11,0.4,27,150,31.7,10.18,-3.624,5.84,-3.418
Ghana,women_b12,3,16,11,0.4,27,143,30.2,9.961,-3.284,7.142,-4.042
Ghana,women_b12,1,16,11,0.6,38,208,44,9.528,-0.696,4.648,0.232
Ghana,women_b12,2,16,11,0.6,41,220,46.5,11.143,-4.557,5.633,-3.451
Ghana,women_b12,3,16,11,0.6,42,212,44.8,10.115,-0.987,5.745,-0.677
Ghana,women_b12,1,16,11,0.8,51,252,53.3,10.187,-1.162,3.778,1.647
Ghana,women_b12,2,16,11,0.8,39,190,40.2,10.744,1.312,5.062,2.308
Ghana,women_b12,3,16,11,0.8,39,198,41.9,10.028,-3.95,3.289,-0.686
Ghana,women_b12,1,16,11,1,70,377,79.7,10.549,-2.504,2.107,-0.236
Ghana,women_b12,2,16,11,1,53,259,54.8,9.683,-1.143,3.848,-0.671
Ghana,women_b12,3,16,11,1,62,342,72.3,11.251,-3.906,4.697,-2.486
Ghana,women_b12,1,16,13,0.15,15,81,17.1,11.947,3.932,6.982,4.881
Ghana,women_b12,2,16,13,0.15,15,77,16.3,9.831,-2.485,5.821,-2.193
Ghana,women_b12,3,16,13,0.15,15,78,16.5,11.586,1.711,8,1.954
Ghana,women_b12,1,16,13,0.25,23,108,22.8,8.69,-3.078,4.768,-1.337
Ghana,women_b12,2,16,13,0.25,23,112,23.7,11.736,2.85,8.077,4.096
Ghana,women_b12,3,16,13,0.25,24,124,26.2,10.841,-0.562,5.817,0.049
Ghana,women_b12,1,16,13,0.4,29,151,31.9,10.981,-2.002,4.361,0.875
Ghana,women_b12,2,16,13,0.4,33,160,33.8,10.652,-2.567,6.53,-0.102
Ghana,women_b12,3,16,13,0.4,30,165,34.9,9.338,-3.836,5.737,-3.316
Ghana,women_b12,1,16,13,0.6,49,255,53.9,9.297,-1.133,3.337,0.019
Ghana,women_b12,2,16,13,0.6,41,207,43.8,10.04,-0.141,3.126,2.147
Ghana,women_b12,3,16,13,0.6,50,257,54.3,9.185,-0.58,3.871,1.814
Ghana,women_b12,1,16,13,0.8,53,257,54.3,9.396,0.186,3.96,1.086
Ghana,women_b12,2,16,13,0.8,57,274,57.9,9.153,-1.621,2.539,0.594
Ghana,women_b12,3,16,13,0.8,62,312,66,10.277,-1.867,4.433,-1.034
Ghana,women_b12,1,16,13,1,72,393,83.1,10.353,0.43,1.981,1.852
Ghana,women_b12,2,16,13,1,63,334,70.6,11.134,-2.015,2.482,0.172
Ghana,women_b12,3,16,13,1,72,376,79.5,11.122,-2.573,2.825,-0.607
Ghana,women_b12,1,16,14,0.15,16,89,18.8,12.608,5.367,8.369,7.599
Ghana,women_b12,2,16,14,0.15,16,93,19.7,11.664,-1.86,8.033,-0.665
Ghana,women_b12,3,16,14,0.15,16,93,19.7,11.1,3.627,5.564,4.795
Ghana,women_b12,1,16,14,0.25,25,142,30,10.639,-2.124,6.179,-1.727
Ghana,women_b12,2,16,14,0.25,24,116,24.5,10.31,-4.286,6.552,-1.533
Ghana,women_b12,3,16,14,0.25,24,127,26.8,8.683,-4.49,4.564,-3.44
Ghana,women_b12,1,16,14,0.4,28,139,29.4,9.544,-1.154,5.319,-0.461
Ghana,women_b12,2,16,14,0.4,34,174,36.8,10.177,-4.024,6.453,-2.517
Ghana,women_b12,3,16,14,0.4,30,164,34.7,9.743,-0.97,5.385,-0.129
Ghana,women_b12,1,16,14,0.6,53,282,59.6,9.566,-1.435,2.548,1.102
Ghana,women_b12,2,16,14,0.6,51,290,61.3,9.756,-0.94,3.685,-0.109
Ghana,women_b12,3,16,14,0.6,51,264,55.8,9.355,-2.052,4.503,-1.412
Ghana,women_b12,1,16,14,0.8,66,339,71.7,9.315,-0.702,3.67,1.986
Ghana,women_b12,2,16,14,0.8,60,308,65.1,9.196,-1.264,2.139,1.527
Ghana,women_b12,3,16,14,0.8,62,323,68.3,11.23,-3.083,3.48,-0.967
Ghana,women_b12,1,16,14,1,77,407,86,9.142,-0.564,1.155,0.979
Ghana,women_b12,2,16,14,1,70,354,74.8,9.464,0.016,1.36,1.36
Ghana,women_b12,3,16,14,1,85,447,94.5,9.27,-0.755,1.004,0.738
Ghana,women_b12,1,16,16,0.15,18,109,23,9.907,-1.367,5.994,0.863
Ghana,women_b12,2,16,16,0.15,18,98,20.7,10.418,1.576,6.769,2.779
Ghana,women_b12,3,16,16,0.15,18,109,23,11.27,-3.614,7.401,-2.258
Ghana,women_b12,1,16,16,0.25,27,145,30.7,8.631,-3.001,5.432,-2.9
Ghana,women_b12,2,16,16,0.25,27,123,26,9.592,-1.783,3.387,0.831
Ghana,women_b12,3,16,16,0.25,27,120,25.4,9.685,-3.022,5.934,-2.006
Ghana,women_b12,1,16,16,0.4,36,183,38.7,8.62,-1.127,3.405,0.592
Ghana,women_b12,2,16,16,0.4,36,181,38.3,9.71,-1.414,5.887,-1.72
Ghana,women_b12,3,16,16,0.4,36,195,41.2,10.894,-0.976,5.29,0.131
Ghana,women_b12,1,16,16,0.6,56,294,62.2,9.478,-1.247,2.643,0.994
Ghana,women_b12,2,16,16,0.6,56,299,63.2,9.477,-1.016,3.697,1.563
Ghana,women_b12,3,16,16,0.6,56,296,62.6,9.044,-2.515,3.566,0.557
Ghana,women_b12,1,16,16,0.8,71,375,79.3,9.739,-0.768,3.223,0.961
Ghana,women_b12,2,16,16,0.8,71,366,77.4,10.062,-0.623,3.61,2.769
Ghana,women_b12,3,16,16,0.8,71,365,77.2,10.06,-1.431,2.989,1.119
Ghana,women_b12,1,16,16,1,90,473,100,9.382,-0.644,0.876,0.876
Ghana,women_b12,2,16,16,1,90,473,100,9.382,-0.644,0.876,0.876
Ghana,women_b12,3,16,16,1,90,473,100,9.382,-0.644,0.876,0.876
