country,outcome,metric,binary_classifier,distributional_default,delta,lower_better,dist_better,has_signal
Gambia,child_vitA,auc,0.5915457130031423,0.6017088134071525,0.01016310040401025,FALSE,TRUE,TRUE
Gambia,child_vitA,brier_skill,0.022739783431032556,0.021769963929955005,-9.698195010775512e-4,FALSE,FALSE,TRUE
Gambia,child_vitA,pearson_r,0.27980303402315415,0.3497428149228638,0.06993978089970965,FALSE,TRUE,TRUE
Gambia,child_vitA,mae_pp,9.909797735186277,9.137095160985698,-0.7727025742005793,TRUE,TRUE,TRUE
Gambia,child_vitA,calib_slope,0.5792630039515098,0.9818457893761074,0.4025827854245977,FALSE,TRUE,TRUE
Gambia,child_vitA,r_share,0.42,0.52,0.10000000000000003,FALSE,TRUE,TRUE
Gambia,women_vitA,auc,0.5982392344497608,0.6378755980861244,0.03963636363636358,FALSE,TRUE,TRUE
Gambia,women_vitA,brier_skill,0.003342668220109979,0.007283990571805288,0.003941322351695309,FALSE,TRUE,TRUE
Gambia,women_vitA,pearson_r,0.09273001778930412,0.30412447035731827,0.21139445256801415,FALSE,TRUE,TRUE
Gambia,women_vitA,mae_pp,3.5727591150281324,3.3445089261231415,-0.22825018890499083,TRUE,TRUE,TRUE
Gambia,women_vitA,calib_slope,0.4432747679218302,2.1561095681260563,1.712834800204226,FALSE,TRUE,TRUE
Gambia,women_vitA,r_share,0.34,1.1,0.76,FALSE,TRUE,TRUE
Gambia,child_iron,auc,0.5555417426959237,0.5487149124100819,-0.006826830285841856,FALSE,FALSE,TRUE
Gambia,child_iron,brier_skill,0.018371720349703358,0.018506646425978435,1.3492607627507702e-4,FALSE,TRUE,TRUE
Gambia,child_iron,pearson_r,0.24528691309034836,0.16963469031635303,-0.07565222277399533,FALSE,FALSE,TRUE
Gambia,child_iron,mae_pp,12.334298888914857,12.611831789603913,0.27753290068905656,TRUE,FALSE,TRUE
Gambia,child_iron,calib_slope,0.6322314889902424,0.5164895719112691,-0.1157419170789733,FALSE,FALSE,TRUE
Gambia,child_iron,r_share,0.43,0.3,-0.13,FALSE,FALSE,TRUE
Gambia,women_iron,auc,0.5973395704149593,0.5971058813101094,-2.3368910484988792e-4,FALSE,FALSE,TRUE
Gambia,women_iron,brier_skill,0.038098709965609046,0.033638487471908896,-0.00446022249370015,FALSE,FALSE,TRUE
Gambia,women_iron,pearson_r,0.6039143066644093,0.5414658656062951,-0.0624484410581142,FALSE,FALSE,TRUE
Gambia,women_iron,mae_pp,11.122837567223195,12.087078860711458,0.9642412934882625,TRUE,FALSE,TRUE
Gambia,women_iron,calib_slope,1.5449851169439093,1.7338329071911136,0.18884779024720433,FALSE,TRUE,TRUE
Gambia,women_iron,r_share,0.85,0.77,-0.07999999999999996,FALSE,FALSE,TRUE
Ghana,child_vitA,auc,0.5609102613173736,0.5421436607629586,-0.018766600554415036,FALSE,FALSE,TRUE
Ghana,child_vitA,brier_skill,0.004310912714714954,0.0025563597119165893,-0.0017545530027983647,FALSE,FALSE,TRUE
Ghana,child_vitA,pearson_r,0.13924164281256676,0.02935392610990425,-0.10988771670266251,FALSE,FALSE,TRUE
Ghana,child_vitA,mae_pp,8.499966289149938,8.796653252197638,0.2966869630476996,TRUE,FALSE,TRUE
Ghana,child_vitA,calib_slope,0.7566200829995856,0.13371083120233745,-0.6229092517972481,FALSE,FALSE,TRUE
Ghana,women_vitA,auc,0.9243261685431593,0.5675878539747526,-0.35673831456840666,FALSE,FALSE,TRUE
Ghana,women_vitA,brier_skill,-0.002518129604588637,3.8691819429648167e-4,0.0029050477988851187,FALSE,TRUE,TRUE
Ghana,women_vitA,pearson_r,-0.7594226961087217,0.06090835199183263,0.8203310481005543,FALSE,TRUE,TRUE
Ghana,women_vitA,mae_pp,2.390823791391627,2.3915835976922537,7.598063006266642e-4,TRUE,FALSE,TRUE
Ghana,women_vitA,calib_slope,-42.96521122573133,0.45496813542915615,43.420179361160486,FALSE,TRUE,TRUE
Ghana,child_iron,auc,0.6308051729023963,0.6263815257435529,-0.004423647158843469,FALSE,FALSE,TRUE
Ghana,child_iron,brier_skill,0.054673912940433556,0.0557133881615941,0.0010394752211605462,FALSE,TRUE,TRUE
Ghana,child_iron,pearson_r,0.4469439926531418,0.447381091399256,4.370987461142506e-4,FALSE,TRUE,TRUE
Ghana,child_iron,mae_pp,14.110565000427153,14.228450864088483,0.11788586366133025,TRUE,FALSE,TRUE
Ghana,child_iron,calib_slope,0.7762687678661773,0.8584670485447768,0.08219828067859958,FALSE,TRUE,TRUE
Ghana,child_iron,r_share,0.61,0.61,0,FALSE,FALSE,TRUE
Ghana,women_iron,auc,0.5243086194612755,0.5470942735193574,0.02278565405808186,FALSE,TRUE,TRUE
Ghana,women_iron,brier_skill,-0.013264948461335191,-0.002235831920389897,0.011029116540945294,FALSE,TRUE,TRUE
Ghana,women_iron,pearson_r,0.00711555299551655,0.18927133636178056,0.182155783366264,FALSE,TRUE,TRUE
Ghana,women_iron,mae_pp,9.699238474751839,9.187499887522025,-0.5117385872298144,TRUE,TRUE,TRUE
Ghana,women_iron,calib_slope,0.025117206671987236,0.6895957915674541,0.6644785848954669,FALSE,TRUE,TRUE
Ghana,women_folate,auc,0.5834257602862254,0.587128801431127,0.0037030411449016087,FALSE,TRUE,TRUE
Ghana,women_folate,brier_skill,0.019755422804282663,0.026042289639172433,0.0062868668348897705,FALSE,TRUE,TRUE
Ghana,women_folate,pearson_r,0.3036680118481287,0.33677652312065165,0.033108511272522956,FALSE,TRUE,TRUE
Ghana,women_folate,mae_pp,20.252443737462695,19.33300351322518,-0.9194402242375155,TRUE,TRUE,TRUE
Ghana,women_folate,calib_slope,0.6698871902094163,0.9424602899648491,0.27257309975543276,FALSE,TRUE,TRUE
Ghana,women_folate,r_share,0.47,0.52,0.050000000000000044,FALSE,TRUE,TRUE
Ghana,women_b12,auc,0.564545669384379,0.5822403403048564,0.017694670920477384,FALSE,TRUE,TRUE
Ghana,women_b12,brier_skill,0.004424394134985521,0.008895367344214922,0.004470973209229401,FALSE,TRUE,TRUE
Ghana,women_b12,pearson_r,-0.11477324781507323,0.0795001213439219,0.19427336915899512,FALSE,TRUE,TRUE
Ghana,women_b12,mae_pp,8.23038117253499,8.051941233543495,-0.17843993899149524,TRUE,TRUE,TRUE
Ghana,women_b12,calib_slope,-0.4555554836485898,0.214132538170859,0.6696880218194488,FALSE,TRUE,TRUE
Sierra Leone,child_vitA,auc,0.584937319189971,0.584937319189971,0,FALSE,FALSE,TRUE
Sierra Leone,child_vitA,brier_skill,-0.003330706242901993,-0.003328770601296549,1.935641605443905e-6,FALSE,TRUE,TRUE
Sierra Leone,child_vitA,pearson_r,-0.946536023245648,-0.9458733452064104,6.626780392375853e-4,FALSE,TRUE,TRUE
Sierra Leone,child_vitA,mae_pp,4.946026561060927,4.944923810885517,-0.001102750175410172,TRUE,TRUE,TRUE
Sierra Leone,child_vitA,calib_slope,-11.983064593654202,-11.986986826808865,-0.003922233154662891,FALSE,FALSE,TRUE
Sierra Leone,women_vitA,auc,0.67386030526635,0.637268775902153,-0.03659152936419696,FALSE,FALSE,TRUE
Sierra Leone,women_vitA,brier_skill,-0.001963832306012936,-0.004186200465753576,-0.0022223681597406397,FALSE,FALSE,TRUE
Sierra Leone,women_vitA,pearson_r,-0.6044987410880167,-0.25727944057631197,0.34721930051170474,FALSE,TRUE,TRUE
Sierra Leone,women_vitA,mae_pp,1.3398927556438456,1.3324504593410134,-0.007442296302832219,TRUE,TRUE,TRUE
Sierra Leone,women_vitA,calib_slope,-4.1853336528529574,-1.3978256339489965,2.787508018903961,FALSE,TRUE,TRUE
Sierra Leone,child_iron,auc,0.6369315744315744,0.5186883311883312,-0.1182432432432432,FALSE,FALSE,TRUE
Sierra Leone,child_iron,brier_skill,-0.0033069585452243366,-0.26007116655288454,-0.2567642080076602,FALSE,FALSE,TRUE
Sierra Leone,child_iron,pearson_r,-0.69835300304708,-0.2150912025547516,0.4832618004923285,FALSE,TRUE,TRUE
Sierra Leone,child_iron,mae_pp,4.7891377013683645,7.594483682638585,2.8053459812702206,TRUE,FALSE,TRUE
Sierra Leone,child_iron,calib_slope,-10.60840639104293,-0.07892560574924032,10.52948078529369,FALSE,TRUE,TRUE
Sierra Leone,women_iron,auc,0.5452300798798869,0.5745428313373137,0.029312751457426733,FALSE,TRUE,TRUE
Sierra Leone,women_iron,brier_skill,-0.0027815178094205972,-0.0021500683869875026,6.314494224330947e-4,FALSE,TRUE,TRUE
Sierra Leone,women_iron,pearson_r,-0.2693739253417879,-0.8407550341690587,-0.5713811088272709,FALSE,FALSE,TRUE
Sierra Leone,women_iron,mae_pp,5.526190401244108,5.36092147849513,-0.16526892274897786,TRUE,TRUE,TRUE
Sierra Leone,women_iron,calib_slope,-1.8952865411164872,-15.211188684851544,-13.315902143735057,FALSE,FALSE,TRUE
Sierra Leone,women_iron,r_share,-1.61,-5.03,-3.42,FALSE,FALSE,TRUE
Sierra Leone,women_folate,auc,0.5240360592938041,0.5174779313790806,-0.006558127914723544,FALSE,FALSE,TRUE
Sierra Leone,women_folate,brier_skill,-0.46235771316969276,-0.5251914556157982,-0.0628337424461054,FALSE,FALSE,TRUE
Sierra Leone,women_folate,pearson_r,0.18056201363543853,0.044370267052012184,-0.13619174658342634,FALSE,FALSE,TRUE
Sierra Leone,women_folate,mae_pp,16.130504765803288,18.95637254781902,2.825867782015731,TRUE,FALSE,TRUE
Sierra Leone,women_folate,calib_slope,0.08388269797353397,0.019428899322124993,-0.06445379865140898,FALSE,FALSE,TRUE
Sierra Leone,women_folate,r_share,0.23,0.06,-0.17,FALSE,FALSE,TRUE
Sierra Leone,women_b12,brier_skill,-0.17466160195458036,-0.007056137431250109,0.16760546452333025,FALSE,TRUE,TRUE
Sierra Leone,women_b12,mae_pp,0.3494717008068467,0.7493924331380497,0.399920732331203,TRUE,FALSE,TRUE
Sierra Leone,women_b12,calib_slope,0,-0.5881792018317616,-0.5881792018317616,FALSE,FALSE,TRUE
Malawi,child_vitA,auc,0.5395991813723597,0.7447001583194964,0.2051009769471367,FALSE,TRUE,TRUE
Malawi,child_vitA,brier_skill,-0.0015766626211428658,-0.002239164832159357,-6.625022110164913e-4,FALSE,FALSE,TRUE
Malawi,child_vitA,pearson_r,-0.032349480879475735,-0.515833657654557,-0.48348417677508126,FALSE,FALSE,TRUE
Malawi,child_vitA,mae_pp,8.174135693427745,8.009951726778608,-0.16418396664913715,TRUE,TRUE,TRUE
Malawi,child_vitA,calib_slope,-0.3131374946891619,-35.88484223622257,-35.5717047415334,FALSE,FALSE,TRUE
Malawi,child_vitA,r_share,-0.07,-1.18,-1.1099999999999999,FALSE,FALSE,TRUE
Malawi,child_iron,auc,0.5392604588675158,0.5248726814484633,-0.014387777419052505,FALSE,FALSE,TRUE
Malawi,child_iron,brier_skill,-0.024937086507870854,-0.020936500696845384,0.00400058581102547,FALSE,TRUE,TRUE
Malawi,child_iron,pearson_r,0.23134154099451837,0.16123631797404686,-0.07010522302047151,FALSE,FALSE,TRUE
Malawi,child_iron,mae_pp,11.100351324763006,11.240763800105372,0.1404124753423659,TRUE,FALSE,TRUE
Malawi,child_iron,calib_slope,0.3646265089515773,0.28233231479918053,-0.08229419415239675,FALSE,FALSE,TRUE
Malawi,child_iron,r_share,0.64,0.44,-0.2,FALSE,FALSE,TRUE
Malawi,women_iron,auc,0.5551994020138065,0.5212988611880578,-0.03390054082574867,FALSE,FALSE,TRUE
Malawi,women_iron,brier_skill,-0.007539126824962494,-0.009048451528960832,-0.0015093247039983382,FALSE,FALSE,TRUE
Malawi,women_iron,pearson_r,-0.40127183613435274,-0.23229648296036123,0.1689753531739915,FALSE,TRUE,TRUE
Malawi,women_iron,mae_pp,11.115100313905083,11.084694471899743,-0.030405842005340133,TRUE,TRUE,TRUE
Malawi,women_iron,calib_slope,-3.0910739228294437,-0.8174509207358378,2.273623002093606,FALSE,TRUE,TRUE
Malawi,women_folate,auc,0.5831191505955757,0.5831280133295519,8.862733976156001e-6,FALSE,TRUE,TRUE
Malawi,women_folate,brier_skill,0.006765791191732595,-0.01498290025858351,-0.021748691450316104,FALSE,FALSE,TRUE
Malawi,women_folate,pearson_r,0.17181133800151524,0.08598629474330839,-0.08582504325820685,FALSE,FALSE,TRUE
Malawi,women_folate,mae_pp,15.860088802707262,15.907358596885611,0.047269794178349755,TRUE,FALSE,TRUE
Malawi,women_folate,calib_slope,0.39701516807937853,0.27356153054801285,-0.12345363753136568,FALSE,FALSE,TRUE
Malawi,women_folate,r_share,0.24,0.12,-0.12,FALSE,FALSE,TRUE
Malawi,women_b12,auc,0.637707800511509,0.6271579283887468,-0.01054987212276215,FALSE,FALSE,TRUE
Malawi,women_b12,brier_skill,0.008084924053951004,0.006871893516280925,-0.001213030537670079,FALSE,FALSE,TRUE
Malawi,women_b12,pearson_r,0.2834979082879357,0.24060979228710525,-0.04288811600083045,FALSE,FALSE,TRUE
Malawi,women_b12,mae_pp,4.118229776090801,4.180499840932877,0.06227006484207642,TRUE,FALSE,TRUE
Malawi,women_b12,calib_slope,1.1552707267556597,0.5958209607680274,-0.5594497659876323,FALSE,FALSE,TRUE
Malawi,child_zinc,auc,0.5839264468050241,0.6134574418820042,0.029530995076980093,FALSE,TRUE,TRUE
Malawi,child_zinc,brier_skill,-0.02736759251309495,-0.024001406190050423,0.003366186323044529,FALSE,TRUE,TRUE
Malawi,child_zinc,pearson_r,-0.34565634520345595,-0.2847676111873016,0.060888734016154356,FALSE,TRUE,TRUE
Malawi,child_zinc,mae_pp,21.166202030018965,20.785703914947902,-0.3804981150710631,TRUE,TRUE,TRUE
Malawi,child_zinc,calib_slope,-1.854064164635464,-2.339753215941528,-0.4856890513060641,FALSE,FALSE,TRUE
Malawi,child_zinc,r_share,-0.47,-0.39,0.07999999999999996,FALSE,TRUE,TRUE
Malawi,women_zinc,auc,0.54185009054637,0.57222361272655,0.030373522180179968,FALSE,TRUE,TRUE
Malawi,women_zinc,brier_skill,-0.028345929183197116,-0.012814475153013927,0.01553145403018319,FALSE,TRUE,TRUE
Malawi,women_zinc,pearson_r,-0.11686879004590096,-0.21299284574489247,-0.0961240556989915,FALSE,FALSE,TRUE
Malawi,women_zinc,mae_pp,22.873358810123687,22.22570293467711,-0.6476558754465778,TRUE,TRUE,TRUE
Malawi,women_zinc,calib_slope,-0.442195074408475,-2.1919981878987205,-1.7498031134902454,FALSE,FALSE,TRUE
Malawi,women_zinc,r_share,-0.16,-0.3,-0.13999999999999999,FALSE,FALSE,TRUE
