country,outcome,Admin1,Admin2,fold
Gambia,child_vitA,Banjul,Banjul,Banjul
Gambia,child_vitA,North Bank,Central Baddibu,North Bank
Gambia,child_vitA,Western,Foni Bintang Karanai,Western
Gambia,child_vitA,Western,Foni Brefet,Western
Gambia,child_vitA,Upper River,Fulladu East,Upper River
Gambia,child_vitA,Maccarthy Island,Fulladu West,Maccarthy Island
Gambia,child_vitA,Lower River,Jarra East,Lower River
Gambia,child_vitA,Lower River,Jarra West,Lower River
Gambia,child_vitA,North Bank,Jokadu,North Bank
Gambia,child_vitA,Banjul,Kanifing,Banjul
Gambia,child_vitA,Upper River,Kantora,Upper River
Gambia,child_vitA,Lower River,Kiang Central,Lower River
Gambia,child_vitA,Lower River,Kiang East,Lower River
Gambia,child_vitA,Western,Kombo Central,Western
Gambia,child_vitA,Western,Kombo East,Western
Gambia,child_vitA,Western,Kombo Saint Mary,Western
Gambia,child_vitA,Western,Kombo South,Western
Gambia,child_vitA,North Bank,Lower Baddibu,North Bank
Gambia,child_vitA,North Bank,Lower Nuimi,North Bank
Gambia,child_vitA,Maccarthy Island,Lower Saloum,Maccarthy Island
Gambia,child_vitA,Maccarthy Island,Niamina Dankunku,Maccarthy Island
Gambia,child_vitA,Maccarthy Island,Niamina East,Maccarthy Island
Gambia,child_vitA,Maccarthy Island,Niani,Maccarthy Island
Gambia,child_vitA,Maccarthy Island,Nianija,Maccarthy Island
Gambia,child_vitA,Maccarthy Island,Sami,Maccarthy Island
Gambia,child_vitA,Upper River,Sandu,Upper River
Gambia,child_vitA,North Bank,Upper Baddibu,North Bank
Gambia,child_vitA,North Bank,Upper Nuimi,North Bank
Gambia,child_vitA,Maccarthy Island,Upper Saloum,Maccarthy Island
Gambia,child_vitA,Upper River,Wuli,Upper River
Gambia,women_vitA,Banjul,Banjul,Banjul
Gambia,women_vitA,North Bank,Central Baddibu,North Bank
Gambia,women_vitA,Western,Foni Bintang Karanai,Western
Gambia,women_vitA,Western,Foni Brefet,Western
Gambia,women_vitA,Upper River,Fulladu East,Upper River
Gambia,women_vitA,Maccarthy Island,Fulladu West,Maccarthy Island
Gambia,women_vitA,Lower River,Jarra East,Lower River
Gambia,women_vitA,Lower River,Jarra West,Lower River
Gambia,women_vitA,North Bank,Jokadu,North Bank
Gambia,women_vitA,Banjul,Kanifing,Banjul
Gambia,women_vitA,Upper River,Kantora,Upper River
Gambia,women_vitA,Lower River,Kiang Central,Lower River
Gambia,women_vitA,Lower River,Kiang East,Lower River
Gambia,women_vitA,Western,Kombo Central,Western
Gambia,women_vitA,Western,Kombo East,Western
Gambia,women_vitA,Western,Kombo Saint Mary,Western
Gambia,women_vitA,Western,Kombo South,Western
Gambia,women_vitA,North Bank,Lower Baddibu,North Bank
Gambia,women_vitA,North Bank,Lower Nuimi,North Bank
Gambia,women_vitA,Maccarthy Island,Lower Saloum,Maccarthy Island
Gambia,women_vitA,Maccarthy Island,Niamina Dankunku,Maccarthy Island
Gambia,women_vitA,Maccarthy Island,Niamina East,Maccarthy Island
Gambia,women_vitA,Maccarthy Island,Niani,Maccarthy Island
Gambia,women_vitA,Maccarthy Island,Nianija,Maccarthy Island
Gambia,women_vitA,Maccarthy Island,Sami,Maccarthy Island
Gambia,women_vitA,Upper River,Sandu,Upper River
Gambia,women_vitA,North Bank,Upper Baddibu,North Bank
Gambia,women_vitA,North Bank,Upper Nuimi,North Bank
Gambia,women_vitA,Maccarthy Island,Upper Saloum,Maccarthy Island
Gambia,women_vitA,Upper River,Wuli,Upper River
Gambia,child_iron,Banjul,Banjul,Banjul
Gambia,child_iron,North Bank,Central Baddibu,North Bank
Gambia,child_iron,Western,Foni Bintang Karanai,Western
Gambia,child_iron,Western,Foni Brefet,Western
Gambia,child_iron,Upper River,Fulladu East,Upper River
Gambia,child_iron,Maccarthy Island,Fulladu West,Maccarthy Island
Gambia,child_iron,Lower River,Jarra East,Lower River
Gambia,child_iron,Lower River,Jarra West,Lower River
Gambia,child_iron,North Bank,Jokadu,North Bank
Gambia,child_iron,Banjul,Kanifing,Banjul
Gambia,child_iron,Upper River,Kantora,Upper River
Gambia,child_iron,Lower River,Kiang Central,Lower River
Gambia,child_iron,Lower River,Kiang East,Lower River
Gambia,child_iron,Western,Kombo Central,Western
Gambia,child_iron,Western,Kombo East,Western
Gambia,child_iron,Western,Kombo Saint Mary,Western
Gambia,child_iron,Western,Kombo South,Western
Gambia,child_iron,North Bank,Lower Baddibu,North Bank
Gambia,child_iron,North Bank,Lower Nuimi,North Bank
Gambia,child_iron,Maccarthy Island,Lower Saloum,Maccarthy Island
Gambia,child_iron,Maccarthy Island,Niamina Dankunku,Maccarthy Island
Gambia,child_iron,Maccarthy Island,Niamina East,Maccarthy Island
Gambia,child_iron,Maccarthy Island,Niani,Maccarthy Island
Gambia,child_iron,Maccarthy Island,Nianija,Maccarthy Island
Gambia,child_iron,Maccarthy Island,Sami,Maccarthy Island
Gambia,child_iron,Upper River,Sandu,Upper River
Gambia,child_iron,North Bank,Upper Baddibu,North Bank
Gambia,child_iron,North Bank,Upper Nuimi,North Bank
Gambia,child_iron,Maccarthy Island,Upper Saloum,Maccarthy Island
Gambia,child_iron,Upper River,Wuli,Upper River
Gambia,women_iron,Banjul,Banjul,Banjul
Gambia,women_iron,North Bank,Central Baddibu,North Bank
Gambia,women_iron,Western,Foni Bintang Karanai,Western
Gambia,women_iron,Western,Foni Brefet,Western
Gambia,women_iron,Upper River,Fulladu East,Upper River
Gambia,women_iron,Maccarthy Island,Fulladu West,Maccarthy Island
Gambia,women_iron,Lower River,Jarra East,Lower River
Gambia,women_iron,Lower River,Jarra West,Lower River
Gambia,women_iron,North Bank,Jokadu,North Bank
Gambia,women_iron,Banjul,Kanifing,Banjul
Gambia,women_iron,Upper River,Kantora,Upper River
Gambia,women_iron,Lower River,Kiang Central,Lower River
Gambia,women_iron,Lower River,Kiang East,Lower River
Gambia,women_iron,Western,Kombo Central,Western
Gambia,women_iron,Western,Kombo East,Western
Gambia,women_iron,Western,Kombo Saint Mary,Western
Gambia,women_iron,Western,Kombo South,Western
Gambia,women_iron,North Bank,Lower Baddibu,North Bank
Gambia,women_iron,North Bank,Lower Nuimi,North Bank
Gambia,women_iron,Maccarthy Island,Lower Saloum,Maccarthy Island
Gambia,women_iron,Maccarthy Island,Niamina Dankunku,Maccarthy Island
Gambia,women_iron,Maccarthy Island,Niamina East,Maccarthy Island
Gambia,women_iron,Maccarthy Island,Niani,Maccarthy Island
Gambia,women_iron,Maccarthy Island,Nianija,Maccarthy Island
Gambia,women_iron,Maccarthy Island,Sami,Maccarthy Island
Gambia,women_iron,Upper River,Sandu,Upper River
Gambia,women_iron,North Bank,Upper Baddibu,North Bank
Gambia,women_iron,North Bank,Upper Nuimi,North Bank
Gambia,women_iron,Maccarthy Island,Upper Saloum,Maccarthy Island
Gambia,women_iron,Upper River,Wuli,Upper River
Ghana,child_vitA,Greater Accra,Ablekuma Central,Greater Accra
Ghana,child_vitA,Greater Accra,Ablekuma North,Greater Accra
Ghana,child_vitA,Eastern,Abuakwa South,Eastern
Ghana,child_vitA,Ashanti,Adansi Asokwa,Ashanti
Ghana,child_vitA,Volta,Afadzato South,Volta
Ghana,child_vitA,Central,Agona West,Central
Ghana,child_vitA,Volta,Akatsi South,Volta
Ghana,child_vitA,Eastern,Akwapem North,Eastern
Ghana,child_vitA,Ashanti,Asante-Akim South,Ashanti
Ghana,child_vitA,Greater Accra,Ashaiman,Greater Accra
Ghana,child_vitA,Central,Asikuma-Odoben-Brakwa,Central
Ghana,child_vitA,Ashanti,Asokore-Mampong,Ashanti
Ghana,child_vitA,Ashanti,Asokwa,Ashanti
Ghana,child_vitA,Ahafo,Asunafo North,Ahafo
Ghana,child_vitA,Eastern,Atiwa East,Eastern
Ghana,child_vitA,Ashanti,Atwima-Mponua,Ashanti
Ghana,child_vitA,Ashanti,Atwima-Nwabiagya South,Ashanti
Ghana,child_vitA,Central,Awutu Senya West,Central
Ghana,child_vitA,Greater Accra,Ayawaso West,Greater Accra
Ghana,child_vitA,Upper East,Bawku West,Upper East
Ghana,child_vitA,Ashanti,Bekwai,Ashanti
Ghana,child_vitA,Upper East,Binduri,Upper East
Ghana,child_vitA,Savannah,Bole,Savannah
Ghana,child_vitA,Upper East,Builsa South,Upper East
Ghana,child_vitA,Savannah,Central Gonja,Savannah
Ghana,child_vitA,North East,Chereponi,North East
Ghana,child_vitA,Eastern,Denkyembour,Eastern
Ghana,child_vitA,Bono,Dormaa West,Bono
Ghana,child_vitA,Western,Effia Kwesimintsim,Western
Ghana,child_vitA,Western,Ellembelle,Western
Ghana,child_vitA,Greater Accra,Ga East,Greater Accra
Ghana,child_vitA,Northern,Gushegu,Northern
Ghana,child_vitA,Volta,Ho Municipal,Volta
Ghana,child_vitA,Upper West,Jirapa,Upper West
Ghana,child_vitA,Western,Jomoro,Western
Ghana,child_vitA,Upper East,Kasena Nankana East,Upper East
Ghana,child_vitA,Bono East,Kintampo North,Bono East
Ghana,child_vitA,Northern,Kpandai,Northern
Ghana,child_vitA,Ashanti,Kumasi,Ashanti
Ghana,child_vitA,Ashanti,Kwadaso,Ashanti
Ghana,child_vitA,Eastern,Kwahu Afram Plains North,Eastern
Ghana,child_vitA,Greater Accra,La-Dade-Kotopon,Greater Accra
Ghana,child_vitA,Upper West,Lambussie-Karni,Upper West
Ghana,child_vitA,Central,Mfantseman,Central
Ghana,child_vitA,Western,Mpohor,Western
Ghana,child_vitA,Northern,Nanumba South,Northern
Ghana,child_vitA,Oti,Nkwanta South,Oti
Ghana,child_vitA,Savannah,North East Gonja,Savannah
Ghana,child_vitA,Ashanti,Obuasi,Ashanti
Ghana,child_vitA,Western,Prestea-Huni Valley,Western
Ghana,child_vitA,Northern,Sagnerigu,Northern
Ghana,child_vitA,Northern,Savelugu,Northern
Ghana,child_vitA,Savannah,Sawla-Tuna-Kalba,Savannah
Ghana,child_vitA,Western North,Sefwi-Akontombra,Western North
Ghana,child_vitA,Ashanti,Sekyere Kumawu,Ashanti
Ghana,child_vitA,Ashanti,Sekyere South,Ashanti
Ghana,child_vitA,Bono East,Sene West,Bono East
Ghana,child_vitA,Upper West,Sissala East,Upper West
Ghana,child_vitA,Volta,South Tongu,Volta
Ghana,child_vitA,Bono,Sunyani West,Bono
Ghana,child_vitA,Upper East,Talensi,Upper East
Ghana,child_vitA,Northern,Tamale,Northern
Ghana,child_vitA,Ahafo,Tano North,Ahafo
Ghana,child_vitA,Northern,Tatale Sanguli,Northern
Ghana,child_vitA,Bono East,Techiman,Bono East
Ghana,child_vitA,Greater Accra,Tema West,Greater Accra
Ghana,child_vitA,Northern,Tolon,Northern
Ghana,child_vitA,Central,Twifo-Atti-Morkwa,Central
Ghana,child_vitA,Central,Twifo-Hemang-Lower Denkyira,Central
Ghana,child_vitA,Upper West,Wa East,Upper West
Ghana,child_vitA,Upper West,Wa Municipal,Upper West
Ghana,child_vitA,Greater Accra,Weija Gbawe,Greater Accra
Ghana,child_vitA,Bono,Wenchi,Bono
Ghana,child_vitA,North East,West Mamprusi,North East
Ghana,child_vitA,North East,Yunyoo-Nasuan,North East
Ghana,women_vitA,Greater Accra,Ablekuma Central,Greater Accra
Ghana,women_vitA,Greater Accra,Ablekuma North,Greater Accra
Ghana,women_vitA,Eastern,Abuakwa South,Eastern
Ghana,women_vitA,Ashanti,Adansi Asokwa,Ashanti
Ghana,women_vitA,Volta,Afadzato South,Volta
Ghana,women_vitA,Central,Agona West,Central
Ghana,women_vitA,Volta,Akatsi South,Volta
Ghana,women_vitA,Eastern,Akwapem North,Eastern
Ghana,women_vitA,Ashanti,Asante-Akim South,Ashanti
Ghana,women_vitA,Greater Accra,Ashaiman,Greater Accra
Ghana,women_vitA,Central,Asikuma-Odoben-Brakwa,Central
Ghana,women_vitA,Ashanti,Asokore-Mampong,Ashanti
Ghana,women_vitA,Ashanti,Asokwa,Ashanti
Ghana,women_vitA,Ahafo,Asunafo North,Ahafo
Ghana,women_vitA,Eastern,Atiwa East,Eastern
Ghana,women_vitA,Ashanti,Atwima-Mponua,Ashanti
Ghana,women_vitA,Ashanti,Atwima-Nwabiagya South,Ashanti
Ghana,women_vitA,Central,Awutu Senya West,Central
Ghana,women_vitA,Greater Accra,Ayawaso West,Greater Accra
Ghana,women_vitA,Upper East,Bawku West,Upper East
Ghana,women_vitA,Ashanti,Bekwai,Ashanti
Ghana,women_vitA,Upper East,Binduri,Upper East
Ghana,women_vitA,Savannah,Bole,Savannah
Ghana,women_vitA,Upper East,Builsa South,Upper East
Ghana,women_vitA,Savannah,Central Gonja,Savannah
Ghana,women_vitA,North East,Chereponi,North East
Ghana,women_vitA,Eastern,Denkyembour,Eastern
Ghana,women_vitA,Bono,Dormaa West,Bono
Ghana,women_vitA,Western,Effia Kwesimintsim,Western
Ghana,women_vitA,Western,Ellembelle,Western
Ghana,women_vitA,Greater Accra,Ga East,Greater Accra
Ghana,women_vitA,Northern,Gushegu,Northern
Ghana,women_vitA,Volta,Ho Municipal,Volta
Ghana,women_vitA,Upper West,Jirapa,Upper West
Ghana,women_vitA,Western,Jomoro,Western
Ghana,women_vitA,Upper East,Kasena Nankana East,Upper East
Ghana,women_vitA,Bono East,Kintampo North,Bono East
Ghana,women_vitA,Northern,Kpandai,Northern
Ghana,women_vitA,Ashanti,Kumasi,Ashanti
Ghana,women_vitA,Ashanti,Kwadaso,Ashanti
Ghana,women_vitA,Eastern,Kwahu Afram Plains North,Eastern
Ghana,women_vitA,Greater Accra,La-Dade-Kotopon,Greater Accra
Ghana,women_vitA,Upper West,Lambussie-Karni,Upper West
Ghana,women_vitA,Central,Mfantseman,Central
Ghana,women_vitA,Western,Mpohor,Western
Ghana,women_vitA,Northern,Nanumba South,Northern
Ghana,women_vitA,Oti,Nkwanta South,Oti
Ghana,women_vitA,Savannah,North East Gonja,Savannah
Ghana,women_vitA,Ashanti,Obuasi,Ashanti
Ghana,women_vitA,Western,Prestea-Huni Valley,Western
Ghana,women_vitA,Northern,Sagnerigu,Northern
Ghana,women_vitA,Northern,Savelugu,Northern
Ghana,women_vitA,Savannah,Sawla-Tuna-Kalba,Savannah
Ghana,women_vitA,Western North,Sefwi-Akontombra,Western North
Ghana,women_vitA,Ashanti,Sekyere Kumawu,Ashanti
Ghana,women_vitA,Ashanti,Sekyere South,Ashanti
Ghana,women_vitA,Bono East,Sene West,Bono East
Ghana,women_vitA,Upper West,Sissala East,Upper West
Ghana,women_vitA,Volta,South Tongu,Volta
Ghana,women_vitA,Bono,Sunyani West,Bono
Ghana,women_vitA,Upper East,Talensi,Upper East
Ghana,women_vitA,Northern,Tamale,Northern
Ghana,women_vitA,Ahafo,Tano North,Ahafo
Ghana,women_vitA,Northern,Tatale Sanguli,Northern
Ghana,women_vitA,Bono East,Techiman,Bono East
Ghana,women_vitA,Greater Accra,Tema West,Greater Accra
Ghana,women_vitA,Northern,Tolon,Northern
Ghana,women_vitA,Central,Twifo-Atti-Morkwa,Central
Ghana,women_vitA,Central,Twifo-Hemang-Lower Denkyira,Central
Ghana,women_vitA,Upper West,Wa East,Upper West
Ghana,women_vitA,Upper West,Wa Municipal,Upper West
Ghana,women_vitA,Greater Accra,Weija Gbawe,Greater Accra
Ghana,women_vitA,Bono,Wenchi,Bono
Ghana,women_vitA,North East,West Mamprusi,North East
Ghana,women_vitA,North East,Yunyoo-Nasuan,North East
Ghana,child_iron,Greater Accra,Ablekuma Central,Greater Accra
Ghana,child_iron,Greater Accra,Ablekuma North,Greater Accra
Ghana,child_iron,Eastern,Abuakwa South,Eastern
Ghana,child_iron,Ashanti,Adansi Asokwa,Ashanti
Ghana,child_iron,Volta,Afadzato South,Volta
Ghana,child_iron,Central,Agona West,Central
Ghana,child_iron,Volta,Akatsi South,Volta
Ghana,child_iron,Eastern,Akwapem North,Eastern
Ghana,child_iron,Ashanti,Asante-Akim South,Ashanti
Ghana,child_iron,Greater Accra,Ashaiman,Greater Accra
Ghana,child_iron,Central,Asikuma-Odoben-Brakwa,Central
Ghana,child_iron,Ashanti,Asokore-Mampong,Ashanti
Ghana,child_iron,Ashanti,Asokwa,Ashanti
Ghana,child_iron,Ahafo,Asunafo North,Ahafo
Ghana,child_iron,Eastern,Atiwa East,Eastern
Ghana,child_iron,Ashanti,Atwima-Mponua,Ashanti
Ghana,child_iron,Ashanti,Atwima-Nwabiagya South,Ashanti
Ghana,child_iron,Central,Awutu Senya West,Central
Ghana,child_iron,Greater Accra,Ayawaso West,Greater Accra
Ghana,child_iron,Upper East,Bawku West,Upper East
Ghana,child_iron,Ashanti,Bekwai,Ashanti
Ghana,child_iron,Upper East,Binduri,Upper East
Ghana,child_iron,Savannah,Bole,Savannah
Ghana,child_iron,Upper East,Builsa South,Upper East
Ghana,child_iron,Savannah,Central Gonja,Savannah
Ghana,child_iron,North East,Chereponi,North East
Ghana,child_iron,Eastern,Denkyembour,Eastern
Ghana,child_iron,Bono,Dormaa West,Bono
Ghana,child_iron,Western,Effia Kwesimintsim,Western
Ghana,child_iron,Western,Ellembelle,Western
Ghana,child_iron,Greater Accra,Ga East,Greater Accra
Ghana,child_iron,Northern,Gushegu,Northern
Ghana,child_iron,Volta,Ho Municipal,Volta
Ghana,child_iron,Upper West,Jirapa,Upper West
Ghana,child_iron,Western,Jomoro,Western
Ghana,child_iron,Upper East,Kasena Nankana East,Upper East
Ghana,child_iron,Bono East,Kintampo North,Bono East
Ghana,child_iron,Northern,Kpandai,Northern
Ghana,child_iron,Ashanti,Kumasi,Ashanti
Ghana,child_iron,Ashanti,Kwadaso,Ashanti
Ghana,child_iron,Eastern,Kwahu Afram Plains North,Eastern
Ghana,child_iron,Greater Accra,La-Dade-Kotopon,Greater Accra
Ghana,child_iron,Upper West,Lambussie-Karni,Upper West
Ghana,child_iron,Central,Mfantseman,Central
Ghana,child_iron,Western,Mpohor,Western
Ghana,child_iron,Northern,Nanumba South,Northern
Ghana,child_iron,Oti,Nkwanta South,Oti
Ghana,child_iron,Savannah,North East Gonja,Savannah
Ghana,child_iron,Ashanti,Obuasi,Ashanti
Ghana,child_iron,Western,Prestea-Huni Valley,Western
Ghana,child_iron,Northern,Sagnerigu,Northern
Ghana,child_iron,Northern,Savelugu,Northern
Ghana,child_iron,Savannah,Sawla-Tuna-Kalba,Savannah
Ghana,child_iron,Western North,Sefwi-Akontombra,Western North
Ghana,child_iron,Ashanti,Sekyere Kumawu,Ashanti
Ghana,child_iron,Ashanti,Sekyere South,Ashanti
Ghana,child_iron,Bono East,Sene West,Bono East
Ghana,child_iron,Upper West,Sissala East,Upper West
Ghana,child_iron,Volta,South Tongu,Volta
Ghana,child_iron,Bono,Sunyani West,Bono
Ghana,child_iron,Upper East,Talensi,Upper East
Ghana,child_iron,Northern,Tamale,Northern
Ghana,child_iron,Ahafo,Tano North,Ahafo
Ghana,child_iron,Northern,Tatale Sanguli,Northern
Ghana,child_iron,Bono East,Techiman,Bono East
Ghana,child_iron,Greater Accra,Tema West,Greater Accra
Ghana,child_iron,Northern,Tolon,Northern
Ghana,child_iron,Central,Twifo-Atti-Morkwa,Central
Ghana,child_iron,Central,Twifo-Hemang-Lower Denkyira,Central
Ghana,child_iron,Upper West,Wa East,Upper West
Ghana,child_iron,Upper West,Wa Municipal,Upper West
Ghana,child_iron,Greater Accra,Weija Gbawe,Greater Accra
Ghana,child_iron,Bono,Wenchi,Bono
Ghana,child_iron,North East,West Mamprusi,North East
Ghana,child_iron,North East,Yunyoo-Nasuan,North East
Ghana,women_iron,Greater Accra,Ablekuma Central,Greater Accra
Ghana,women_iron,Greater Accra,Ablekuma North,Greater Accra
Ghana,women_iron,Eastern,Abuakwa South,Eastern
Ghana,women_iron,Ashanti,Adansi Asokwa,Ashanti
Ghana,women_iron,Volta,Afadzato South,Volta
Ghana,women_iron,Central,Agona West,Central
Ghana,women_iron,Volta,Akatsi South,Volta
Ghana,women_iron,Eastern,Akwapem North,Eastern
Ghana,women_iron,Ashanti,Asante-Akim South,Ashanti
Ghana,women_iron,Greater Accra,Ashaiman,Greater Accra
Ghana,women_iron,Central,Asikuma-Odoben-Brakwa,Central
Ghana,women_iron,Ashanti,Asokore-Mampong,Ashanti
Ghana,women_iron,Ashanti,Asokwa,Ashanti
Ghana,women_iron,Ahafo,Asunafo North,Ahafo
Ghana,women_iron,Eastern,Atiwa East,Eastern
Ghana,women_iron,Ashanti,Atwima-Mponua,Ashanti
Ghana,women_iron,Ashanti,Atwima-Nwabiagya South,Ashanti
Ghana,women_iron,Central,Awutu Senya West,Central
Ghana,women_iron,Greater Accra,Ayawaso West,Greater Accra
Ghana,women_iron,Upper East,Bawku West,Upper East
Ghana,women_iron,Ashanti,Bekwai,Ashanti
Ghana,women_iron,Upper East,Binduri,Upper East
Ghana,women_iron,Savannah,Bole,Savannah
Ghana,women_iron,Upper East,Builsa South,Upper East
Ghana,women_iron,Savannah,Central Gonja,Savannah
Ghana,women_iron,North East,Chereponi,North East
Ghana,women_iron,Eastern,Denkyembour,Eastern
Ghana,women_iron,Bono,Dormaa West,Bono
Ghana,women_iron,Western,Effia Kwesimintsim,Western
Ghana,women_iron,Western,Ellembelle,Western
Ghana,women_iron,Greater Accra,Ga East,Greater Accra
Ghana,women_iron,Northern,Gushegu,Northern
Ghana,women_iron,Volta,Ho Municipal,Volta
Ghana,women_iron,Upper West,Jirapa,Upper West
Ghana,women_iron,Western,Jomoro,Western
Ghana,women_iron,Upper East,Kasena Nankana East,Upper East
Ghana,women_iron,Bono East,Kintampo North,Bono East
Ghana,women_iron,Northern,Kpandai,Northern
Ghana,women_iron,Ashanti,Kumasi,Ashanti
Ghana,women_iron,Ashanti,Kwadaso,Ashanti
Ghana,women_iron,Eastern,Kwahu Afram Plains North,Eastern
Ghana,women_iron,Greater Accra,La-Dade-Kotopon,Greater Accra
Ghana,women_iron,Upper West,Lambussie-Karni,Upper West
Ghana,women_iron,Central,Mfantseman,Central
Ghana,women_iron,Western,Mpohor,Western
Ghana,women_iron,Northern,Nanumba South,Northern
Ghana,women_iron,Oti,Nkwanta South,Oti
Ghana,women_iron,Savannah,North East Gonja,Savannah
Ghana,women_iron,Ashanti,Obuasi,Ashanti
Ghana,women_iron,Western,Prestea-Huni Valley,Western
Ghana,women_iron,Northern,Sagnerigu,Northern
Ghana,women_iron,Northern,Savelugu,Northern
Ghana,women_iron,Savannah,Sawla-Tuna-Kalba,Savannah
Ghana,women_iron,Western North,Sefwi-Akontombra,Western North
Ghana,women_iron,Ashanti,Sekyere Kumawu,Ashanti
Ghana,women_iron,Ashanti,Sekyere South,Ashanti
Ghana,women_iron,Bono East,Sene West,Bono East
Ghana,women_iron,Upper West,Sissala East,Upper West
Ghana,women_iron,Volta,South Tongu,Volta
Ghana,women_iron,Bono,Sunyani West,Bono
Ghana,women_iron,Upper East,Talensi,Upper East
Ghana,women_iron,Northern,Tamale,Northern
Ghana,women_iron,Ahafo,Tano North,Ahafo
Ghana,women_iron,Northern,Tatale Sanguli,Northern
Ghana,women_iron,Bono East,Techiman,Bono East
Ghana,women_iron,Greater Accra,Tema West,Greater Accra
Ghana,women_iron,Northern,Tolon,Northern
Ghana,women_iron,Central,Twifo-Atti-Morkwa,Central
Ghana,women_iron,Central,Twifo-Hemang-Lower Denkyira,Central
Ghana,women_iron,Upper West,Wa East,Upper West
Ghana,women_iron,Upper West,Wa Municipal,Upper West
Ghana,women_iron,Greater Accra,Weija Gbawe,Greater Accra
Ghana,women_iron,Bono,Wenchi,Bono
Ghana,women_iron,North East,West Mamprusi,North East
Ghana,women_iron,North East,Yunyoo-Nasuan,North East
Ghana,women_folate,Greater Accra,Ablekuma Central,Greater Accra
Ghana,women_folate,Greater Accra,Ablekuma North,Greater Accra
Ghana,women_folate,Eastern,Abuakwa South,Eastern
Ghana,women_folate,Ashanti,Adansi Asokwa,Ashanti
Ghana,women_folate,Volta,Afadzato South,Volta
Ghana,women_folate,Central,Agona West,Central
Ghana,women_folate,Volta,Akatsi South,Volta
Ghana,women_folate,Eastern,Akwapem North,Eastern
Ghana,women_folate,Ashanti,Asante-Akim South,Ashanti
Ghana,women_folate,Greater Accra,Ashaiman,Greater Accra
Ghana,women_folate,Central,Asikuma-Odoben-Brakwa,Central
Ghana,women_folate,Ashanti,Asokore-Mampong,Ashanti
Ghana,women_folate,Ashanti,Asokwa,Ashanti
Ghana,women_folate,Ahafo,Asunafo North,Ahafo
Ghana,women_folate,Eastern,Atiwa East,Eastern
Ghana,women_folate,Ashanti,Atwima-Mponua,Ashanti
Ghana,women_folate,Ashanti,Atwima-Nwabiagya South,Ashanti
Ghana,women_folate,Central,Awutu Senya West,Central
Ghana,women_folate,Greater Accra,Ayawaso West,Greater Accra
Ghana,women_folate,Upper East,Bawku West,Upper East
Ghana,women_folate,Ashanti,Bekwai,Ashanti
Ghana,women_folate,Upper East,Binduri,Upper East
Ghana,women_folate,Savannah,Bole,Savannah
Ghana,women_folate,Upper East,Builsa South,Upper East
Ghana,women_folate,Savannah,Central Gonja,Savannah
Ghana,women_folate,North East,Chereponi,North East
Ghana,women_folate,Eastern,Denkyembour,Eastern
Ghana,women_folate,Bono,Dormaa West,Bono
Ghana,women_folate,Western,Effia Kwesimintsim,Western
Ghana,women_folate,Western,Ellembelle,Western
Ghana,women_folate,Greater Accra,Ga East,Greater Accra
Ghana,women_folate,Northern,Gushegu,Northern
Ghana,women_folate,Volta,Ho Municipal,Volta
Ghana,women_folate,Upper West,Jirapa,Upper West
Ghana,women_folate,Western,Jomoro,Western
Ghana,women_folate,Upper East,Kasena Nankana East,Upper East
Ghana,women_folate,Bono East,Kintampo North,Bono East
Ghana,women_folate,Northern,Kpandai,Northern
Ghana,women_folate,Ashanti,Kumasi,Ashanti
Ghana,women_folate,Ashanti,Kwadaso,Ashanti
Ghana,women_folate,Eastern,Kwahu Afram Plains North,Eastern
Ghana,women_folate,Greater Accra,La-Dade-Kotopon,Greater Accra
Ghana,women_folate,Upper West,Lambussie-Karni,Upper West
Ghana,women_folate,Central,Mfantseman,Central
Ghana,women_folate,Western,Mpohor,Western
Ghana,women_folate,Northern,Nanumba South,Northern
Ghana,women_folate,Oti,Nkwanta South,Oti
Ghana,women_folate,Savannah,North East Gonja,Savannah
Ghana,women_folate,Ashanti,Obuasi,Ashanti
Ghana,women_folate,Western,Prestea-Huni Valley,Western
Ghana,women_folate,Northern,Sagnerigu,Northern
Ghana,women_folate,Northern,Savelugu,Northern
Ghana,women_folate,Savannah,Sawla-Tuna-Kalba,Savannah
Ghana,women_folate,Western North,Sefwi-Akontombra,Western North
Ghana,women_folate,Ashanti,Sekyere Kumawu,Ashanti
Ghana,women_folate,Ashanti,Sekyere South,Ashanti
Ghana,women_folate,Bono East,Sene West,Bono East
Ghana,women_folate,Upper West,Sissala East,Upper West
Ghana,women_folate,Volta,South Tongu,Volta
Ghana,women_folate,Bono,Sunyani West,Bono
Ghana,women_folate,Upper East,Talensi,Upper East
Ghana,women_folate,Northern,Tamale,Northern
Ghana,women_folate,Ahafo,Tano North,Ahafo
Ghana,women_folate,Northern,Tatale Sanguli,Northern
Ghana,women_folate,Bono East,Techiman,Bono East
Ghana,women_folate,Greater Accra,Tema West,Greater Accra
Ghana,women_folate,Northern,Tolon,Northern
Ghana,women_folate,Central,Twifo-Atti-Morkwa,Central
Ghana,women_folate,Central,Twifo-Hemang-Lower Denkyira,Central
Ghana,women_folate,Upper West,Wa East,Upper West
Ghana,women_folate,Upper West,Wa Municipal,Upper West
Ghana,women_folate,Greater Accra,Weija Gbawe,Greater Accra
Ghana,women_folate,Bono,Wenchi,Bono
Ghana,women_folate,North East,West Mamprusi,North East
Ghana,women_folate,North East,Yunyoo-Nasuan,North East
Ghana,women_b12,Greater Accra,Ablekuma Central,Greater Accra
Ghana,women_b12,Greater Accra,Ablekuma North,Greater Accra
Ghana,women_b12,Eastern,Abuakwa South,Eastern
Ghana,women_b12,Ashanti,Adansi Asokwa,Ashanti
Ghana,women_b12,Volta,Afadzato South,Volta
Ghana,women_b12,Central,Agona West,Central
Ghana,women_b12,Volta,Akatsi South,Volta
Ghana,women_b12,Eastern,Akwapem North,Eastern
Ghana,women_b12,Ashanti,Asante-Akim South,Ashanti
Ghana,women_b12,Greater Accra,Ashaiman,Greater Accra
Ghana,women_b12,Central,Asikuma-Odoben-Brakwa,Central
Ghana,women_b12,Ashanti,Asokore-Mampong,Ashanti
Ghana,women_b12,Ashanti,Asokwa,Ashanti
Ghana,women_b12,Ahafo,Asunafo North,Ahafo
Ghana,women_b12,Eastern,Atiwa East,Eastern
Ghana,women_b12,Ashanti,Atwima-Mponua,Ashanti
Ghana,women_b12,Ashanti,Atwima-Nwabiagya South,Ashanti
Ghana,women_b12,Central,Awutu Senya West,Central
Ghana,women_b12,Greater Accra,Ayawaso West,Greater Accra
Ghana,women_b12,Upper East,Bawku West,Upper East
Ghana,women_b12,Ashanti,Bekwai,Ashanti
Ghana,women_b12,Upper East,Binduri,Upper East
Ghana,women_b12,Savannah,Bole,Savannah
Ghana,women_b12,Upper East,Builsa South,Upper East
Ghana,women_b12,Savannah,Central Gonja,Savannah
Ghana,women_b12,North East,Chereponi,North East
Ghana,women_b12,Eastern,Denkyembour,Eastern
Ghana,women_b12,Bono,Dormaa West,Bono
Ghana,women_b12,Western,Effia Kwesimintsim,Western
Ghana,women_b12,Western,Ellembelle,Western
Ghana,women_b12,Greater Accra,Ga East,Greater Accra
Ghana,women_b12,Northern,Gushegu,Northern
Ghana,women_b12,Volta,Ho Municipal,Volta
Ghana,women_b12,Upper West,Jirapa,Upper West
Ghana,women_b12,Western,Jomoro,Western
Ghana,women_b12,Upper East,Kasena Nankana East,Upper East
Ghana,women_b12,Bono East,Kintampo North,Bono East
Ghana,women_b12,Northern,Kpandai,Northern
Ghana,women_b12,Ashanti,Kumasi,Ashanti
Ghana,women_b12,Ashanti,Kwadaso,Ashanti
Ghana,women_b12,Eastern,Kwahu Afram Plains North,Eastern
Ghana,women_b12,Greater Accra,La-Dade-Kotopon,Greater Accra
Ghana,women_b12,Upper West,Lambussie-Karni,Upper West
Ghana,women_b12,Central,Mfantseman,Central
Ghana,women_b12,Western,Mpohor,Western
Ghana,women_b12,Northern,Nanumba South,Northern
Ghana,women_b12,Oti,Nkwanta South,Oti
Ghana,women_b12,Savannah,North East Gonja,Savannah
Ghana,women_b12,Ashanti,Obuasi,Ashanti
Ghana,women_b12,Western,Prestea-Huni Valley,Western
Ghana,women_b12,Northern,Sagnerigu,Northern
Ghana,women_b12,Northern,Savelugu,Northern
Ghana,women_b12,Savannah,Sawla-Tuna-Kalba,Savannah
Ghana,women_b12,Western North,Sefwi-Akontombra,Western North
Ghana,women_b12,Ashanti,Sekyere Kumawu,Ashanti
Ghana,women_b12,Ashanti,Sekyere South,Ashanti
Ghana,women_b12,Bono East,Sene West,Bono East
Ghana,women_b12,Upper West,Sissala East,Upper West
Ghana,women_b12,Volta,South Tongu,Volta
Ghana,women_b12,Bono,Sunyani West,Bono
Ghana,women_b12,Upper East,Talensi,Upper East
Ghana,women_b12,Northern,Tamale,Northern
Ghana,women_b12,Ahafo,Tano North,Ahafo
Ghana,women_b12,Northern,Tatale Sanguli,Northern
Ghana,women_b12,Bono East,Techiman,Bono East
Ghana,women_b12,Greater Accra,Tema West,Greater Accra
Ghana,women_b12,Northern,Tolon,Northern
Ghana,women_b12,Central,Twifo-Atti-Morkwa,Central
Ghana,women_b12,Central,Twifo-Hemang-Lower Denkyira,Central
Ghana,women_b12,Upper West,Wa East,Upper West
Ghana,women_b12,Upper West,Wa Municipal,Upper West
Ghana,women_b12,Greater Accra,Weija Gbawe,Greater Accra
Ghana,women_b12,Bono,Wenchi,Bono
Ghana,women_b12,North East,West Mamprusi,North East
Ghana,women_b12,North East,Yunyoo-Nasuan,North East
Sierra Leone,child_vitA,Southern,Bo,Southern
Sierra Leone,child_vitA,Northern,Bombali,Northern
Sierra Leone,child_vitA,Southern,Bonthe,Southern
Sierra Leone,child_vitA,Eastern,Kailahun,Eastern
Sierra Leone,child_vitA,Northern,Kambia,Northern
Sierra Leone,child_vitA,Eastern,Kenema,Eastern
Sierra Leone,child_vitA,Northern,Koinadugu,Northern
Sierra Leone,child_vitA,Eastern,Kono,Eastern
Sierra Leone,child_vitA,Southern,Moyamba,Southern
Sierra Leone,child_vitA,Northern,Port Loko,Northern
Sierra Leone,child_vitA,Southern,Pujehun,Southern
Sierra Leone,child_vitA,Northern,Tonkolili,Northern
Sierra Leone,child_vitA,Western,Western Rural,Western
Sierra Leone,child_vitA,Western,Western Urban,Western
Sierra Leone,women_vitA,Southern,Bo,Southern
Sierra Leone,women_vitA,Northern,Bombali,Northern
Sierra Leone,women_vitA,Southern,Bonthe,Southern
Sierra Leone,women_vitA,Eastern,Kailahun,Eastern
Sierra Leone,women_vitA,Northern,Kambia,Northern
Sierra Leone,women_vitA,Eastern,Kenema,Eastern
Sierra Leone,women_vitA,Northern,Koinadugu,Northern
Sierra Leone,women_vitA,Eastern,Kono,Eastern
Sierra Leone,women_vitA,Southern,Moyamba,Southern
Sierra Leone,women_vitA,Northern,Port Loko,Northern
Sierra Leone,women_vitA,Southern,Pujehun,Southern
Sierra Leone,women_vitA,Northern,Tonkolili,Northern
Sierra Leone,women_vitA,Western,Western Rural,Western
Sierra Leone,women_vitA,Western,Western Urban,Western
Sierra Leone,child_iron,Southern,Bo,Southern
Sierra Leone,child_iron,Northern,Bombali,Northern
Sierra Leone,child_iron,Southern,Bonthe,Southern
Sierra Leone,child_iron,Eastern,Kailahun,Eastern
Sierra Leone,child_iron,Northern,Kambia,Northern
Sierra Leone,child_iron,Eastern,Kenema,Eastern
Sierra Leone,child_iron,Northern,Koinadugu,Northern
Sierra Leone,child_iron,Eastern,Kono,Eastern
Sierra Leone,child_iron,Southern,Moyamba,Southern
Sierra Leone,child_iron,Northern,Port Loko,Northern
Sierra Leone,child_iron,Southern,Pujehun,Southern
Sierra Leone,child_iron,Northern,Tonkolili,Northern
Sierra Leone,child_iron,Western,Western Rural,Western
Sierra Leone,child_iron,Western,Western Urban,Western
Sierra Leone,women_iron,Southern,Bo,Southern
Sierra Leone,women_iron,Northern,Bombali,Northern
Sierra Leone,women_iron,Southern,Bonthe,Southern
Sierra Leone,women_iron,Eastern,Kailahun,Eastern
Sierra Leone,women_iron,Northern,Kambia,Northern
Sierra Leone,women_iron,Eastern,Kenema,Eastern
Sierra Leone,women_iron,Northern,Koinadugu,Northern
Sierra Leone,women_iron,Eastern,Kono,Eastern
Sierra Leone,women_iron,Southern,Moyamba,Southern
Sierra Leone,women_iron,Northern,Port Loko,Northern
Sierra Leone,women_iron,Southern,Pujehun,Southern
Sierra Leone,women_iron,Northern,Tonkolili,Northern
Sierra Leone,women_iron,Western,Western Rural,Western
Sierra Leone,women_iron,Western,Western Urban,Western
Sierra Leone,women_folate,Southern,Bo,Southern
Sierra Leone,women_folate,Northern,Bombali,Northern
Sierra Leone,women_folate,Southern,Bonthe,Southern
Sierra Leone,women_folate,Eastern,Kailahun,Eastern
Sierra Leone,women_folate,Northern,Kambia,Northern
Sierra Leone,women_folate,Eastern,Kenema,Eastern
Sierra Leone,women_folate,Northern,Koinadugu,Northern
Sierra Leone,women_folate,Eastern,Kono,Eastern
Sierra Leone,women_folate,Southern,Moyamba,Southern
Sierra Leone,women_folate,Northern,Port Loko,Northern
Sierra Leone,women_folate,Southern,Pujehun,Southern
Sierra Leone,women_folate,Northern,Tonkolili,Northern
Sierra Leone,women_folate,Western,Western Rural,Western
Sierra Leone,women_folate,Western,Western Urban,Western
Sierra Leone,women_b12,Southern,Bo,Southern
Sierra Leone,women_b12,Northern,Bombali,Northern
Sierra Leone,women_b12,Southern,Bonthe,Southern
Sierra Leone,women_b12,Eastern,Kailahun,Eastern
Sierra Leone,women_b12,Northern,Kambia,Northern
Sierra Leone,women_b12,Eastern,Kenema,Eastern
Sierra Leone,women_b12,Northern,Koinadugu,Northern
Sierra Leone,women_b12,Eastern,Kono,Eastern
Sierra Leone,women_b12,Southern,Moyamba,Southern
Sierra Leone,women_b12,Northern,Port Loko,Northern
Sierra Leone,women_b12,Southern,Pujehun,Southern
Sierra Leone,women_b12,Northern,Tonkolili,Northern
Sierra Leone,women_b12,Western,Western Rural,Western
Sierra Leone,women_b12,Western,Western Urban,Western
Malawi,child_vitA,Blantyre,Blantyre City,Blantyre
Malawi,child_vitA,Chitipa,Chitipa Boma,Chitipa
Malawi,child_vitA,Karonga,Karonga Town,Karonga
Malawi,child_vitA,Lilongwe,Lilongwe City,Lilongwe
Malawi,child_vitA,Mwanza,Majete Game Reserve - Mwanza,Mwanza
Malawi,child_vitA,Mzimba,Mzimba Boma,Mzimba
Malawi,child_vitA,Mzimba,Mzuzu City,Mzimba
Malawi,child_vitA,Nkhotakota,Nkhotakota Boma,Nkhotakota
Malawi,child_vitA,Nsanje,Nsanje Boma,Nsanje
Malawi,child_vitA,Chitipa,Nyika N.P. - Chitipa,Chitipa
Malawi,child_vitA,Rumphi,Rumphi Boma,Rumphi
Malawi,child_vitA,Rumphi,SC Chapinduka,Rumphi
Malawi,child_vitA,Ntchisi,SC Chilooko,Ntchisi
Malawi,child_vitA,Mangochi,SC Chowe,Mangochi
Malawi,child_vitA,Mchinji,SC Dambe,Mchinji
Malawi,child_vitA,Ntcheu,SC Goodson Ganya,Ntcheu
Malawi,child_vitA,Mulanje,SC Juma,Mulanje
Malawi,child_vitA,Rumphi,SC Kachulu,Rumphi
Malawi,child_vitA,Salima,SC Kambwiri,Salima
Malawi,child_vitA,Kasungu,SC Kawamba,Kasungu
Malawi,child_vitA,Dowa,SC Kayembe,Dowa
Malawi,child_vitA,Ntcheu,SC Makwangwala,Ntcheu
Malawi,child_vitA,Nkhata Bay,SC Malanda,Nkhata Bay
Malawi,child_vitA,Thyolo,SC Mbawela,Thyolo
Malawi,child_vitA,Nsanje,SC Mbenje,Nsanje
Malawi,child_vitA,Zomba,SC Mbiza,Zomba
Malawi,child_vitA,Mchinji,SC Mduwa,Mchinji
Malawi,child_vitA,Dowa,SC Mkukula,Dowa
Malawi,child_vitA,Dowa,SC Mponela,Dowa
Malawi,child_vitA,Rumphi,SC Mwankhunikira,Rumphi
Malawi,child_vitA,Ntchisi,SC Nthondo,Ntchisi
Malawi,child_vitA,Thyolo,TA Bvumbwe,Thyolo
Malawi,child_vitA,Rumphi,TA Chikulamayembe,Rumphi
Malawi,child_vitA,Mzimba,TA Chindi,Mzimba
Malawi,child_vitA,Lilongwe,TA Chiseka,Lilongwe
Malawi,child_vitA,Dowa,TA Dzoole,Dowa
Malawi,child_vitA,Nkhata Bay,TA Fukamapiri,Nkhata Bay
Malawi,child_vitA,Lilongwe,TA Kabudula,Lilongwe
Malawi,child_vitA,Nkhata Bay,TA Kabunduli,Nkhata Bay
Malawi,child_vitA,Chiradzulu,TA Kadewere,Chiradzulu
Malawi,child_vitA,Balaka,TA Kalembo,Balaka
Malawi,child_vitA,Kasungu,TA Kaluluma,Kasungu
Malawi,child_vitA,Ntchisi,TA Kalumo,Ntchisi
Malawi,child_vitA,Nkhotakota,TA Kanyenda,Nkhotakota
Malawi,child_vitA,Dedza,TA Kaphuka,Dedza
Malawi,child_vitA,Salima,TA Karonga,Salima
Malawi,child_vitA,Chikwawa,TA Kasisi,Chikwawa
Malawi,child_vitA,Machinga,TA Kawinga,Machinga
Malawi,child_vitA,Salima,TA Khombedza,Salima
Malawi,child_vitA,Lilongwe,TA Khongoni,Lilongwe
Malawi,child_vitA,Karonga,TA Kilupula,Karonga
Malawi,child_vitA,Blantyre,TA Kuntaja,Blantyre
Malawi,child_vitA,Karonga,TA Kyungu,Karonga
Malawi,child_vitA,Chikwawa,TA Lundu,Chikwawa
Malawi,child_vitA,Mzimba,TA M'Mbelwa,Mzimba
Malawi,child_vitA,Mulanje,TA Mabuka,Mulanje
Malawi,child_vitA,Mzimba,TA Mabulabo,Mzimba
Malawi,child_vitA,Salima,TA Maganga,Salima
Malawi,child_vitA,Zomba,TA Malemia,Zomba
Malawi,child_vitA,Nkhotakota,TA Malenga Chanzi,Nkhotakota
Malawi,child_vitA,Phalombe,TA Mkhumba,Phalombe
Malawi,child_vitA,Mchinji,TA Mlonyeni,Mchinji
Malawi,child_vitA,Chiradzulu,TA Mpama,Chiradzulu
Malawi,child_vitA,Mangochi,TA Mponda,Mangochi
Malawi,child_vitA,Mzimba,TA Mtwalo,Mzimba
Malawi,child_vitA,Nkhata Bay,TA Musisya,Nkhata Bay
Malawi,child_vitA,Chitipa,TA Mwabulambya,Chitipa
Malawi,child_vitA,Nkhotakota,TA Mwadzama,Nkhotakota
Malawi,child_vitA,Kasungu,TA Mwase,Kasungu
Malawi,child_vitA,Chitipa,TA Mwenemisuku,Chitipa
Malawi,child_vitA,Chitipa,TA Mwenewenya,Chitipa
Malawi,child_vitA,Mangochi,TA Nankumba,Mangochi
Malawi,child_vitA,Chiradzulu,TA Nchema,Chiradzulu
Malawi,child_vitA,Thyolo,TA Nchilamwela,Thyolo
Malawi,child_vitA,Nsanje,TA Ndamera,Nsanje
Malawi,child_vitA,Neno,TA Ngozi,Neno
Malawi,child_vitA,Ntcheu,TA Njolomole,Ntcheu
Malawi,child_vitA,Balaka,TA Nsamala,Balaka
Malawi,child_vitA,Mwanza,TA Nthache,Mwanza
Malawi,child_vitA,Dedza,TA Pemba,Dedza
Malawi,child_vitA,Ntcheu,TA Phambala,Ntcheu
Malawi,child_vitA,Kasungu,TA Santhe,Kasungu
Malawi,child_vitA,Neno,TA Symon,Neno
Malawi,child_vitA,Dedza,TA Tambala,Dedza
Malawi,child_vitA,Nkhata Bay,TA Timbiri,Nkhata Bay
Malawi,child_vitA,Karonga,TA Wasambo,Karonga
Malawi,child_vitA,Mchinji,TA Zulu,Mchinji
Malawi,women_vitA,Blantyre,Blantyre City,Blantyre
Malawi,women_vitA,Chitipa,Chitipa Boma,Chitipa
Malawi,women_vitA,Karonga,Karonga Town,Karonga
Malawi,women_vitA,Lilongwe,Lilongwe City,Lilongwe
Malawi,women_vitA,Mwanza,Majete Game Reserve - Mwanza,Mwanza
Malawi,women_vitA,Mzimba,Mzimba Boma,Mzimba
Malawi,women_vitA,Mzimba,Mzuzu City,Mzimba
Malawi,women_vitA,Nkhotakota,Nkhotakota Boma,Nkhotakota
Malawi,women_vitA,Nsanje,Nsanje Boma,Nsanje
Malawi,women_vitA,Chitipa,Nyika N.P. - Chitipa,Chitipa
Malawi,women_vitA,Rumphi,Rumphi Boma,Rumphi
Malawi,women_vitA,Rumphi,SC Chapinduka,Rumphi
Malawi,women_vitA,Ntchisi,SC Chilooko,Ntchisi
Malawi,women_vitA,Mangochi,SC Chowe,Mangochi
Malawi,women_vitA,Mchinji,SC Dambe,Mchinji
Malawi,women_vitA,Ntcheu,SC Goodson Ganya,Ntcheu
Malawi,women_vitA,Mulanje,SC Juma,Mulanje
Malawi,women_vitA,Rumphi,SC Kachulu,Rumphi
Malawi,women_vitA,Salima,SC Kambwiri,Salima
Malawi,women_vitA,Kasungu,SC Kawamba,Kasungu
Malawi,women_vitA,Dowa,SC Kayembe,Dowa
Malawi,women_vitA,Ntcheu,SC Makwangwala,Ntcheu
Malawi,women_vitA,Nkhata Bay,SC Malanda,Nkhata Bay
Malawi,women_vitA,Thyolo,SC Mbawela,Thyolo
Malawi,women_vitA,Nsanje,SC Mbenje,Nsanje
Malawi,women_vitA,Zomba,SC Mbiza,Zomba
Malawi,women_vitA,Mchinji,SC Mduwa,Mchinji
Malawi,women_vitA,Dowa,SC Mkukula,Dowa
Malawi,women_vitA,Dowa,SC Mponela,Dowa
Malawi,women_vitA,Rumphi,SC Mwankhunikira,Rumphi
Malawi,women_vitA,Ntchisi,SC Nthondo,Ntchisi
Malawi,women_vitA,Thyolo,TA Bvumbwe,Thyolo
Malawi,women_vitA,Rumphi,TA Chikulamayembe,Rumphi
Malawi,women_vitA,Mzimba,TA Chindi,Mzimba
Malawi,women_vitA,Lilongwe,TA Chiseka,Lilongwe
Malawi,women_vitA,Dowa,TA Dzoole,Dowa
Malawi,women_vitA,Nkhata Bay,TA Fukamapiri,Nkhata Bay
Malawi,women_vitA,Lilongwe,TA Kabudula,Lilongwe
Malawi,women_vitA,Nkhata Bay,TA Kabunduli,Nkhata Bay
Malawi,women_vitA,Chiradzulu,TA Kadewere,Chiradzulu
Malawi,women_vitA,Balaka,TA Kalembo,Balaka
Malawi,women_vitA,Kasungu,TA Kaluluma,Kasungu
Malawi,women_vitA,Ntchisi,TA Kalumo,Ntchisi
Malawi,women_vitA,Nkhotakota,TA Kanyenda,Nkhotakota
Malawi,women_vitA,Dedza,TA Kaphuka,Dedza
Malawi,women_vitA,Salima,TA Karonga,Salima
Malawi,women_vitA,Chikwawa,TA Kasisi,Chikwawa
Malawi,women_vitA,Machinga,TA Kawinga,Machinga
Malawi,women_vitA,Salima,TA Khombedza,Salima
Malawi,women_vitA,Lilongwe,TA Khongoni,Lilongwe
Malawi,women_vitA,Karonga,TA Kilupula,Karonga
Malawi,women_vitA,Blantyre,TA Kuntaja,Blantyre
Malawi,women_vitA,Karonga,TA Kyungu,Karonga
Malawi,women_vitA,Chikwawa,TA Lundu,Chikwawa
Malawi,women_vitA,Mzimba,TA M'Mbelwa,Mzimba
Malawi,women_vitA,Mulanje,TA Mabuka,Mulanje
Malawi,women_vitA,Mzimba,TA Mabulabo,Mzimba
Malawi,women_vitA,Salima,TA Maganga,Salima
Malawi,women_vitA,Zomba,TA Malemia,Zomba
Malawi,women_vitA,Nkhotakota,TA Malenga Chanzi,Nkhotakota
Malawi,women_vitA,Phalombe,TA Mkhumba,Phalombe
Malawi,women_vitA,Mchinji,TA Mlonyeni,Mchinji
Malawi,women_vitA,Chiradzulu,TA Mpama,Chiradzulu
Malawi,women_vitA,Mangochi,TA Mponda,Mangochi
Malawi,women_vitA,Mzimba,TA Mtwalo,Mzimba
Malawi,women_vitA,Nkhata Bay,TA Musisya,Nkhata Bay
Malawi,women_vitA,Chitipa,TA Mwabulambya,Chitipa
Malawi,women_vitA,Nkhotakota,TA Mwadzama,Nkhotakota
Malawi,women_vitA,Kasungu,TA Mwase,Kasungu
Malawi,women_vitA,Chitipa,TA Mwenemisuku,Chitipa
Malawi,women_vitA,Chitipa,TA Mwenewenya,Chitipa
Malawi,women_vitA,Mangochi,TA Nankumba,Mangochi
Malawi,women_vitA,Chiradzulu,TA Nchema,Chiradzulu
Malawi,women_vitA,Thyolo,TA Nchilamwela,Thyolo
Malawi,women_vitA,Nsanje,TA Ndamera,Nsanje
Malawi,women_vitA,Neno,TA Ngozi,Neno
Malawi,women_vitA,Ntcheu,TA Njolomole,Ntcheu
Malawi,women_vitA,Balaka,TA Nsamala,Balaka
Malawi,women_vitA,Mwanza,TA Nthache,Mwanza
Malawi,women_vitA,Dedza,TA Pemba,Dedza
Malawi,women_vitA,Ntcheu,TA Phambala,Ntcheu
Malawi,women_vitA,Kasungu,TA Santhe,Kasungu
Malawi,women_vitA,Neno,TA Symon,Neno
Malawi,women_vitA,Dedza,TA Tambala,Dedza
Malawi,women_vitA,Nkhata Bay,TA Timbiri,Nkhata Bay
Malawi,women_vitA,Karonga,TA Wasambo,Karonga
Malawi,women_vitA,Mchinji,TA Zulu,Mchinji
Malawi,child_iron,Blantyre,Blantyre City,Blantyre
Malawi,child_iron,Chitipa,Chitipa Boma,Chitipa
Malawi,child_iron,Karonga,Karonga Town,Karonga
Malawi,child_iron,Lilongwe,Lilongwe City,Lilongwe
Malawi,child_iron,Mwanza,Majete Game Reserve - Mwanza,Mwanza
Malawi,child_iron,Mzimba,Mzimba Boma,Mzimba
Malawi,child_iron,Mzimba,Mzuzu City,Mzimba
Malawi,child_iron,Nkhotakota,Nkhotakota Boma,Nkhotakota
Malawi,child_iron,Nsanje,Nsanje Boma,Nsanje
Malawi,child_iron,Chitipa,Nyika N.P. - Chitipa,Chitipa
Malawi,child_iron,Rumphi,Rumphi Boma,Rumphi
Malawi,child_iron,Rumphi,SC Chapinduka,Rumphi
Malawi,child_iron,Ntchisi,SC Chilooko,Ntchisi
Malawi,child_iron,Mangochi,SC Chowe,Mangochi
Malawi,child_iron,Mchinji,SC Dambe,Mchinji
Malawi,child_iron,Ntcheu,SC Goodson Ganya,Ntcheu
Malawi,child_iron,Mulanje,SC Juma,Mulanje
Malawi,child_iron,Rumphi,SC Kachulu,Rumphi
Malawi,child_iron,Salima,SC Kambwiri,Salima
Malawi,child_iron,Kasungu,SC Kawamba,Kasungu
Malawi,child_iron,Dowa,SC Kayembe,Dowa
Malawi,child_iron,Ntcheu,SC Makwangwala,Ntcheu
Malawi,child_iron,Nkhata Bay,SC Malanda,Nkhata Bay
Malawi,child_iron,Thyolo,SC Mbawela,Thyolo
Malawi,child_iron,Nsanje,SC Mbenje,Nsanje
Malawi,child_iron,Zomba,SC Mbiza,Zomba
Malawi,child_iron,Mchinji,SC Mduwa,Mchinji
Malawi,child_iron,Dowa,SC Mkukula,Dowa
Malawi,child_iron,Dowa,SC Mponela,Dowa
Malawi,child_iron,Rumphi,SC Mwankhunikira,Rumphi
Malawi,child_iron,Ntchisi,SC Nthondo,Ntchisi
Malawi,child_iron,Thyolo,TA Bvumbwe,Thyolo
Malawi,child_iron,Rumphi,TA Chikulamayembe,Rumphi
Malawi,child_iron,Mzimba,TA Chindi,Mzimba
Malawi,child_iron,Lilongwe,TA Chiseka,Lilongwe
Malawi,child_iron,Dowa,TA Dzoole,Dowa
Malawi,child_iron,Nkhata Bay,TA Fukamapiri,Nkhata Bay
Malawi,child_iron,Lilongwe,TA Kabudula,Lilongwe
Malawi,child_iron,Nkhata Bay,TA Kabunduli,Nkhata Bay
Malawi,child_iron,Chiradzulu,TA Kadewere,Chiradzulu
Malawi,child_iron,Balaka,TA Kalembo,Balaka
Malawi,child_iron,Kasungu,TA Kaluluma,Kasungu
Malawi,child_iron,Ntchisi,TA Kalumo,Ntchisi
Malawi,child_iron,Nkhotakota,TA Kanyenda,Nkhotakota
Malawi,child_iron,Dedza,TA Kaphuka,Dedza
Malawi,child_iron,Salima,TA Karonga,Salima
Malawi,child_iron,Chikwawa,TA Kasisi,Chikwawa
Malawi,child_iron,Machinga,TA Kawinga,Machinga
Malawi,child_iron,Salima,TA Khombedza,Salima
Malawi,child_iron,Lilongwe,TA Khongoni,Lilongwe
Malawi,child_iron,Karonga,TA Kilupula,Karonga
Malawi,child_iron,Blantyre,TA Kuntaja,Blantyre
Malawi,child_iron,Karonga,TA Kyungu,Karonga
Malawi,child_iron,Chikwawa,TA Lundu,Chikwawa
Malawi,child_iron,Mzimba,TA M'Mbelwa,Mzimba
Malawi,child_iron,Mulanje,TA Mabuka,Mulanje
Malawi,child_iron,Mzimba,TA Mabulabo,Mzimba
Malawi,child_iron,Salima,TA Maganga,Salima
Malawi,child_iron,Zomba,TA Malemia,Zomba
Malawi,child_iron,Nkhotakota,TA Malenga Chanzi,Nkhotakota
Malawi,child_iron,Phalombe,TA Mkhumba,Phalombe
Malawi,child_iron,Mchinji,TA Mlonyeni,Mchinji
Malawi,child_iron,Chiradzulu,TA Mpama,Chiradzulu
Malawi,child_iron,Mangochi,TA Mponda,Mangochi
Malawi,child_iron,Mzimba,TA Mtwalo,Mzimba
Malawi,child_iron,Nkhata Bay,TA Musisya,Nkhata Bay
Malawi,child_iron,Chitipa,TA Mwabulambya,Chitipa
Malawi,child_iron,Nkhotakota,TA Mwadzama,Nkhotakota
Malawi,child_iron,Kasungu,TA Mwase,Kasungu
Malawi,child_iron,Chitipa,TA Mwenemisuku,Chitipa
Malawi,child_iron,Chitipa,TA Mwenewenya,Chitipa
Malawi,child_iron,Mangochi,TA Nankumba,Mangochi
Malawi,child_iron,Chiradzulu,TA Nchema,Chiradzulu
Malawi,child_iron,Thyolo,TA Nchilamwela,Thyolo
Malawi,child_iron,Nsanje,TA Ndamera,Nsanje
Malawi,child_iron,Neno,TA Ngozi,Neno
Malawi,child_iron,Ntcheu,TA Njolomole,Ntcheu
Malawi,child_iron,Balaka,TA Nsamala,Balaka
Malawi,child_iron,Mwanza,TA Nthache,Mwanza
Malawi,child_iron,Dedza,TA Pemba,Dedza
Malawi,child_iron,Ntcheu,TA Phambala,Ntcheu
Malawi,child_iron,Kasungu,TA Santhe,Kasungu
Malawi,child_iron,Neno,TA Symon,Neno
Malawi,child_iron,Dedza,TA Tambala,Dedza
Malawi,child_iron,Nkhata Bay,TA Timbiri,Nkhata Bay
Malawi,child_iron,Karonga,TA Wasambo,Karonga
Malawi,child_iron,Mchinji,TA Zulu,Mchinji
Malawi,women_iron,Blantyre,Blantyre City,Blantyre
Malawi,women_iron,Chitipa,Chitipa Boma,Chitipa
Malawi,women_iron,Karonga,Karonga Town,Karonga
Malawi,women_iron,Lilongwe,Lilongwe City,Lilongwe
Malawi,women_iron,Mwanza,Majete Game Reserve - Mwanza,Mwanza
Malawi,women_iron,Mzimba,Mzimba Boma,Mzimba
Malawi,women_iron,Mzimba,Mzuzu City,Mzimba
Malawi,women_iron,Nkhotakota,Nkhotakota Boma,Nkhotakota
Malawi,women_iron,Nsanje,Nsanje Boma,Nsanje
Malawi,women_iron,Chitipa,Nyika N.P. - Chitipa,Chitipa
Malawi,women_iron,Rumphi,Rumphi Boma,Rumphi
Malawi,women_iron,Rumphi,SC Chapinduka,Rumphi
Malawi,women_iron,Ntchisi,SC Chilooko,Ntchisi
Malawi,women_iron,Mangochi,SC Chowe,Mangochi
Malawi,women_iron,Mchinji,SC Dambe,Mchinji
Malawi,women_iron,Ntcheu,SC Goodson Ganya,Ntcheu
Malawi,women_iron,Mulanje,SC Juma,Mulanje
Malawi,women_iron,Rumphi,SC Kachulu,Rumphi
Malawi,women_iron,Salima,SC Kambwiri,Salima
Malawi,women_iron,Kasungu,SC Kawamba,Kasungu
Malawi,women_iron,Dowa,SC Kayembe,Dowa
Malawi,women_iron,Ntcheu,SC Makwangwala,Ntcheu
Malawi,women_iron,Nkhata Bay,SC Malanda,Nkhata Bay
Malawi,women_iron,Thyolo,SC Mbawela,Thyolo
Malawi,women_iron,Nsanje,SC Mbenje,Nsanje
Malawi,women_iron,Zomba,SC Mbiza,Zomba
Malawi,women_iron,Mchinji,SC Mduwa,Mchinji
Malawi,women_iron,Dowa,SC Mkukula,Dowa
Malawi,women_iron,Dowa,SC Mponela,Dowa
Malawi,women_iron,Rumphi,SC Mwankhunikira,Rumphi
Malawi,women_iron,Ntchisi,SC Nthondo,Ntchisi
Malawi,women_iron,Thyolo,TA Bvumbwe,Thyolo
Malawi,women_iron,Rumphi,TA Chikulamayembe,Rumphi
Malawi,women_iron,Mzimba,TA Chindi,Mzimba
Malawi,women_iron,Lilongwe,TA Chiseka,Lilongwe
Malawi,women_iron,Dowa,TA Dzoole,Dowa
Malawi,women_iron,Nkhata Bay,TA Fukamapiri,Nkhata Bay
Malawi,women_iron,Lilongwe,TA Kabudula,Lilongwe
Malawi,women_iron,Nkhata Bay,TA Kabunduli,Nkhata Bay
Malawi,women_iron,Chiradzulu,TA Kadewere,Chiradzulu
Malawi,women_iron,Balaka,TA Kalembo,Balaka
Malawi,women_iron,Kasungu,TA Kaluluma,Kasungu
Malawi,women_iron,Ntchisi,TA Kalumo,Ntchisi
Malawi,women_iron,Nkhotakota,TA Kanyenda,Nkhotakota
Malawi,women_iron,Dedza,TA Kaphuka,Dedza
Malawi,women_iron,Salima,TA Karonga,Salima
Malawi,women_iron,Chikwawa,TA Kasisi,Chikwawa
Malawi,women_iron,Machinga,TA Kawinga,Machinga
Malawi,women_iron,Salima,TA Khombedza,Salima
Malawi,women_iron,Lilongwe,TA Khongoni,Lilongwe
Malawi,women_iron,Karonga,TA Kilupula,Karonga
Malawi,women_iron,Blantyre,TA Kuntaja,Blantyre
Malawi,women_iron,Karonga,TA Kyungu,Karonga
Malawi,women_iron,Chikwawa,TA Lundu,Chikwawa
Malawi,women_iron,Mzimba,TA M'Mbelwa,Mzimba
Malawi,women_iron,Mulanje,TA Mabuka,Mulanje
Malawi,women_iron,Mzimba,TA Mabulabo,Mzimba
Malawi,women_iron,Salima,TA Maganga,Salima
Malawi,women_iron,Zomba,TA Malemia,Zomba
Malawi,women_iron,Nkhotakota,TA Malenga Chanzi,Nkhotakota
Malawi,women_iron,Phalombe,TA Mkhumba,Phalombe
Malawi,women_iron,Mchinji,TA Mlonyeni,Mchinji
Malawi,women_iron,Chiradzulu,TA Mpama,Chiradzulu
Malawi,women_iron,Mangochi,TA Mponda,Mangochi
Malawi,women_iron,Mzimba,TA Mtwalo,Mzimba
Malawi,women_iron,Nkhata Bay,TA Musisya,Nkhata Bay
Malawi,women_iron,Chitipa,TA Mwabulambya,Chitipa
Malawi,women_iron,Nkhotakota,TA Mwadzama,Nkhotakota
Malawi,women_iron,Kasungu,TA Mwase,Kasungu
Malawi,women_iron,Chitipa,TA Mwenemisuku,Chitipa
Malawi,women_iron,Chitipa,TA Mwenewenya,Chitipa
Malawi,women_iron,Mangochi,TA Nankumba,Mangochi
Malawi,women_iron,Chiradzulu,TA Nchema,Chiradzulu
Malawi,women_iron,Thyolo,TA Nchilamwela,Thyolo
Malawi,women_iron,Nsanje,TA Ndamera,Nsanje
Malawi,women_iron,Neno,TA Ngozi,Neno
Malawi,women_iron,Ntcheu,TA Njolomole,Ntcheu
Malawi,women_iron,Balaka,TA Nsamala,Balaka
Malawi,women_iron,Mwanza,TA Nthache,Mwanza
Malawi,women_iron,Dedza,TA Pemba,Dedza
Malawi,women_iron,Ntcheu,TA Phambala,Ntcheu
Malawi,women_iron,Kasungu,TA Santhe,Kasungu
Malawi,women_iron,Neno,TA Symon,Neno
Malawi,women_iron,Dedza,TA Tambala,Dedza
Malawi,women_iron,Nkhata Bay,TA Timbiri,Nkhata Bay
Malawi,women_iron,Karonga,TA Wasambo,Karonga
Malawi,women_iron,Mchinji,TA Zulu,Mchinji
Malawi,women_folate,Blantyre,Blantyre City,Blantyre
Malawi,women_folate,Chitipa,Chitipa Boma,Chitipa
Malawi,women_folate,Karonga,Karonga Town,Karonga
Malawi,women_folate,Lilongwe,Lilongwe City,Lilongwe
Malawi,women_folate,Mwanza,Majete Game Reserve - Mwanza,Mwanza
Malawi,women_folate,Mzimba,Mzimba Boma,Mzimba
Malawi,women_folate,Mzimba,Mzuzu City,Mzimba
Malawi,women_folate,Nkhotakota,Nkhotakota Boma,Nkhotakota
Malawi,women_folate,Nsanje,Nsanje Boma,Nsanje
Malawi,women_folate,Chitipa,Nyika N.P. - Chitipa,Chitipa
Malawi,women_folate,Rumphi,Rumphi Boma,Rumphi
Malawi,women_folate,Rumphi,SC Chapinduka,Rumphi
Malawi,women_folate,Ntchisi,SC Chilooko,Ntchisi
Malawi,women_folate,Mangochi,SC Chowe,Mangochi
Malawi,women_folate,Mchinji,SC Dambe,Mchinji
Malawi,women_folate,Ntcheu,SC Goodson Ganya,Ntcheu
Malawi,women_folate,Mulanje,SC Juma,Mulanje
Malawi,women_folate,Rumphi,SC Kachulu,Rumphi
Malawi,women_folate,Salima,SC Kambwiri,Salima
Malawi,women_folate,Kasungu,SC Kawamba,Kasungu
Malawi,women_folate,Dowa,SC Kayembe,Dowa
Malawi,women_folate,Ntcheu,SC Makwangwala,Ntcheu
Malawi,women_folate,Nkhata Bay,SC Malanda,Nkhata Bay
Malawi,women_folate,Thyolo,SC Mbawela,Thyolo
Malawi,women_folate,Nsanje,SC Mbenje,Nsanje
Malawi,women_folate,Zomba,SC Mbiza,Zomba
Malawi,women_folate,Mchinji,SC Mduwa,Mchinji
Malawi,women_folate,Dowa,SC Mkukula,Dowa
Malawi,women_folate,Dowa,SC Mponela,Dowa
Malawi,women_folate,Rumphi,SC Mwankhunikira,Rumphi
Malawi,women_folate,Ntchisi,SC Nthondo,Ntchisi
Malawi,women_folate,Thyolo,TA Bvumbwe,Thyolo
Malawi,women_folate,Rumphi,TA Chikulamayembe,Rumphi
Malawi,women_folate,Mzimba,TA Chindi,Mzimba
Malawi,women_folate,Lilongwe,TA Chiseka,Lilongwe
Malawi,women_folate,Dowa,TA Dzoole,Dowa
Malawi,women_folate,Nkhata Bay,TA Fukamapiri,Nkhata Bay
Malawi,women_folate,Lilongwe,TA Kabudula,Lilongwe
Malawi,women_folate,Nkhata Bay,TA Kabunduli,Nkhata Bay
Malawi,women_folate,Chiradzulu,TA Kadewere,Chiradzulu
Malawi,women_folate,Balaka,TA Kalembo,Balaka
Malawi,women_folate,Kasungu,TA Kaluluma,Kasungu
Malawi,women_folate,Ntchisi,TA Kalumo,Ntchisi
Malawi,women_folate,Nkhotakota,TA Kanyenda,Nkhotakota
Malawi,women_folate,Dedza,TA Kaphuka,Dedza
Malawi,women_folate,Salima,TA Karonga,Salima
Malawi,women_folate,Chikwawa,TA Kasisi,Chikwawa
Malawi,women_folate,Machinga,TA Kawinga,Machinga
Malawi,women_folate,Salima,TA Khombedza,Salima
Malawi,women_folate,Lilongwe,TA Khongoni,Lilongwe
Malawi,women_folate,Karonga,TA Kilupula,Karonga
Malawi,women_folate,Blantyre,TA Kuntaja,Blantyre
Malawi,women_folate,Karonga,TA Kyungu,Karonga
Malawi,women_folate,Chikwawa,TA Lundu,Chikwawa
Malawi,women_folate,Mzimba,TA M'Mbelwa,Mzimba
Malawi,women_folate,Mulanje,TA Mabuka,Mulanje
Malawi,women_folate,Mzimba,TA Mabulabo,Mzimba
Malawi,women_folate,Salima,TA Maganga,Salima
Malawi,women_folate,Zomba,TA Malemia,Zomba
Malawi,women_folate,Nkhotakota,TA Malenga Chanzi,Nkhotakota
Malawi,women_folate,Phalombe,TA Mkhumba,Phalombe
Malawi,women_folate,Mchinji,TA Mlonyeni,Mchinji
Malawi,women_folate,Chiradzulu,TA Mpama,Chiradzulu
Malawi,women_folate,Mangochi,TA Mponda,Mangochi
Malawi,women_folate,Mzimba,TA Mtwalo,Mzimba
Malawi,women_folate,Nkhata Bay,TA Musisya,Nkhata Bay
Malawi,women_folate,Chitipa,TA Mwabulambya,Chitipa
Malawi,women_folate,Nkhotakota,TA Mwadzama,Nkhotakota
Malawi,women_folate,Kasungu,TA Mwase,Kasungu
Malawi,women_folate,Chitipa,TA Mwenemisuku,Chitipa
Malawi,women_folate,Chitipa,TA Mwenewenya,Chitipa
Malawi,women_folate,Mangochi,TA Nankumba,Mangochi
Malawi,women_folate,Chiradzulu,TA Nchema,Chiradzulu
Malawi,women_folate,Thyolo,TA Nchilamwela,Thyolo
Malawi,women_folate,Nsanje,TA Ndamera,Nsanje
Malawi,women_folate,Neno,TA Ngozi,Neno
Malawi,women_folate,Ntcheu,TA Njolomole,Ntcheu
Malawi,women_folate,Balaka,TA Nsamala,Balaka
Malawi,women_folate,Mwanza,TA Nthache,Mwanza
Malawi,women_folate,Dedza,TA Pemba,Dedza
Malawi,women_folate,Ntcheu,TA Phambala,Ntcheu
Malawi,women_folate,Kasungu,TA Santhe,Kasungu
Malawi,women_folate,Neno,TA Symon,Neno
Malawi,women_folate,Dedza,TA Tambala,Dedza
Malawi,women_folate,Nkhata Bay,TA Timbiri,Nkhata Bay
Malawi,women_folate,Karonga,TA Wasambo,Karonga
Malawi,women_folate,Mchinji,TA Zulu,Mchinji
Malawi,women_b12,Blantyre,Blantyre City,Blantyre
Malawi,women_b12,Chitipa,Chitipa Boma,Chitipa
Malawi,women_b12,Karonga,Karonga Town,Karonga
Malawi,women_b12,Lilongwe,Lilongwe City,Lilongwe
Malawi,women_b12,Mwanza,Majete Game Reserve - Mwanza,Mwanza
Malawi,women_b12,Mzimba,Mzimba Boma,Mzimba
Malawi,women_b12,Mzimba,Mzuzu City,Mzimba
Malawi,women_b12,Nkhotakota,Nkhotakota Boma,Nkhotakota
Malawi,women_b12,Nsanje,Nsanje Boma,Nsanje
Malawi,women_b12,Chitipa,Nyika N.P. - Chitipa,Chitipa
Malawi,women_b12,Rumphi,Rumphi Boma,Rumphi
Malawi,women_b12,Rumphi,SC Chapinduka,Rumphi
Malawi,women_b12,Ntchisi,SC Chilooko,Ntchisi
Malawi,women_b12,Mangochi,SC Chowe,Mangochi
Malawi,women_b12,Mchinji,SC Dambe,Mchinji
Malawi,women_b12,Ntcheu,SC Goodson Ganya,Ntcheu
Malawi,women_b12,Mulanje,SC Juma,Mulanje
Malawi,women_b12,Rumphi,SC Kachulu,Rumphi
Malawi,women_b12,Salima,SC Kambwiri,Salima
Malawi,women_b12,Kasungu,SC Kawamba,Kasungu
Malawi,women_b12,Dowa,SC Kayembe,Dowa
Malawi,women_b12,Ntcheu,SC Makwangwala,Ntcheu
Malawi,women_b12,Nkhata Bay,SC Malanda,Nkhata Bay
Malawi,women_b12,Thyolo,SC Mbawela,Thyolo
Malawi,women_b12,Nsanje,SC Mbenje,Nsanje
Malawi,women_b12,Zomba,SC Mbiza,Zomba
Malawi,women_b12,Mchinji,SC Mduwa,Mchinji
Malawi,women_b12,Dowa,SC Mkukula,Dowa
Malawi,women_b12,Dowa,SC Mponela,Dowa
Malawi,women_b12,Rumphi,SC Mwankhunikira,Rumphi
Malawi,women_b12,Ntchisi,SC Nthondo,Ntchisi
Malawi,women_b12,Thyolo,TA Bvumbwe,Thyolo
Malawi,women_b12,Rumphi,TA Chikulamayembe,Rumphi
Malawi,women_b12,Mzimba,TA Chindi,Mzimba
Malawi,women_b12,Lilongwe,TA Chiseka,Lilongwe
Malawi,women_b12,Dowa,TA Dzoole,Dowa
Malawi,women_b12,Nkhata Bay,TA Fukamapiri,Nkhata Bay
Malawi,women_b12,Lilongwe,TA Kabudula,Lilongwe
Malawi,women_b12,Nkhata Bay,TA Kabunduli,Nkhata Bay
Malawi,women_b12,Chiradzulu,TA Kadewere,Chiradzulu
Malawi,women_b12,Balaka,TA Kalembo,Balaka
Malawi,women_b12,Kasungu,TA Kaluluma,Kasungu
Malawi,women_b12,Ntchisi,TA Kalumo,Ntchisi
Malawi,women_b12,Nkhotakota,TA Kanyenda,Nkhotakota
Malawi,women_b12,Dedza,TA Kaphuka,Dedza
Malawi,women_b12,Salima,TA Karonga,Salima
Malawi,women_b12,Chikwawa,TA Kasisi,Chikwawa
Malawi,women_b12,Machinga,TA Kawinga,Machinga
Malawi,women_b12,Salima,TA Khombedza,Salima
Malawi,women_b12,Lilongwe,TA Khongoni,Lilongwe
Malawi,women_b12,Karonga,TA Kilupula,Karonga
Malawi,women_b12,Blantyre,TA Kuntaja,Blantyre
Malawi,women_b12,Karonga,TA Kyungu,Karonga
Malawi,women_b12,Chikwawa,TA Lundu,Chikwawa
Malawi,women_b12,Mzimba,TA M'Mbelwa,Mzimba
Malawi,women_b12,Mulanje,TA Mabuka,Mulanje
Malawi,women_b12,Mzimba,TA Mabulabo,Mzimba
Malawi,women_b12,Salima,TA Maganga,Salima
Malawi,women_b12,Zomba,TA Malemia,Zomba
Malawi,women_b12,Nkhotakota,TA Malenga Chanzi,Nkhotakota
Malawi,women_b12,Phalombe,TA Mkhumba,Phalombe
Malawi,women_b12,Mchinji,TA Mlonyeni,Mchinji
Malawi,women_b12,Chiradzulu,TA Mpama,Chiradzulu
Malawi,women_b12,Mangochi,TA Mponda,Mangochi
Malawi,women_b12,Mzimba,TA Mtwalo,Mzimba
Malawi,women_b12,Nkhata Bay,TA Musisya,Nkhata Bay
Malawi,women_b12,Chitipa,TA Mwabulambya,Chitipa
Malawi,women_b12,Nkhotakota,TA Mwadzama,Nkhotakota
Malawi,women_b12,Kasungu,TA Mwase,Kasungu
Malawi,women_b12,Chitipa,TA Mwenemisuku,Chitipa
Malawi,women_b12,Chitipa,TA Mwenewenya,Chitipa
Malawi,women_b12,Mangochi,TA Nankumba,Mangochi
Malawi,women_b12,Chiradzulu,TA Nchema,Chiradzulu
Malawi,women_b12,Thyolo,TA Nchilamwela,Thyolo
Malawi,women_b12,Nsanje,TA Ndamera,Nsanje
Malawi,women_b12,Neno,TA Ngozi,Neno
Malawi,women_b12,Ntcheu,TA Njolomole,Ntcheu
Malawi,women_b12,Balaka,TA Nsamala,Balaka
Malawi,women_b12,Mwanza,TA Nthache,Mwanza
Malawi,women_b12,Dedza,TA Pemba,Dedza
Malawi,women_b12,Ntcheu,TA Phambala,Ntcheu
Malawi,women_b12,Kasungu,TA Santhe,Kasungu
Malawi,women_b12,Neno,TA Symon,Neno
Malawi,women_b12,Dedza,TA Tambala,Dedza
Malawi,women_b12,Nkhata Bay,TA Timbiri,Nkhata Bay
Malawi,women_b12,Karonga,TA Wasambo,Karonga
Malawi,women_b12,Mchinji,TA Zulu,Mchinji
Malawi,child_zinc,Blantyre,Blantyre City,Blantyre
Malawi,child_zinc,Chitipa,Chitipa Boma,Chitipa
Malawi,child_zinc,Karonga,Karonga Town,Karonga
Malawi,child_zinc,Lilongwe,Lilongwe City,Lilongwe
Malawi,child_zinc,Mwanza,Majete Game Reserve - Mwanza,Mwanza
Malawi,child_zinc,Mzimba,Mzimba Boma,Mzimba
Malawi,child_zinc,Mzimba,Mzuzu City,Mzimba
Malawi,child_zinc,Nkhotakota,Nkhotakota Boma,Nkhotakota
Malawi,child_zinc,Nsanje,Nsanje Boma,Nsanje
Malawi,child_zinc,Chitipa,Nyika N.P. - Chitipa,Chitipa
Malawi,child_zinc,Rumphi,Rumphi Boma,Rumphi
Malawi,child_zinc,Rumphi,SC Chapinduka,Rumphi
Malawi,child_zinc,Ntchisi,SC Chilooko,Ntchisi
Malawi,child_zinc,Mangochi,SC Chowe,Mangochi
Malawi,child_zinc,Mchinji,SC Dambe,Mchinji
Malawi,child_zinc,Ntcheu,SC Goodson Ganya,Ntcheu
Malawi,child_zinc,Mulanje,SC Juma,Mulanje
Malawi,child_zinc,Rumphi,SC Kachulu,Rumphi
Malawi,child_zinc,Salima,SC Kambwiri,Salima
Malawi,child_zinc,Kasungu,SC Kawamba,Kasungu
Malawi,child_zinc,Dowa,SC Kayembe,Dowa
Malawi,child_zinc,Ntcheu,SC Makwangwala,Ntcheu
Malawi,child_zinc,Nkhata Bay,SC Malanda,Nkhata Bay
Malawi,child_zinc,Thyolo,SC Mbawela,Thyolo
Malawi,child_zinc,Nsanje,SC Mbenje,Nsanje
Malawi,child_zinc,Zomba,SC Mbiza,Zomba
Malawi,child_zinc,Mchinji,SC Mduwa,Mchinji
Malawi,child_zinc,Dowa,SC Mkukula,Dowa
Malawi,child_zinc,Dowa,SC Mponela,Dowa
Malawi,child_zinc,Rumphi,SC Mwankhunikira,Rumphi
Malawi,child_zinc,Ntchisi,SC Nthondo,Ntchisi
Malawi,child_zinc,Thyolo,TA Bvumbwe,Thyolo
Malawi,child_zinc,Rumphi,TA Chikulamayembe,Rumphi
Malawi,child_zinc,Mzimba,TA Chindi,Mzimba
Malawi,child_zinc,Lilongwe,TA Chiseka,Lilongwe
Malawi,child_zinc,Dowa,TA Dzoole,Dowa
Malawi,child_zinc,Nkhata Bay,TA Fukamapiri,Nkhata Bay
Malawi,child_zinc,Lilongwe,TA Kabudula,Lilongwe
Malawi,child_zinc,Nkhata Bay,TA Kabunduli,Nkhata Bay
Malawi,child_zinc,Chiradzulu,TA Kadewere,Chiradzulu
Malawi,child_zinc,Balaka,TA Kalembo,Balaka
Malawi,child_zinc,Kasungu,TA Kaluluma,Kasungu
Malawi,child_zinc,Ntchisi,TA Kalumo,Ntchisi
Malawi,child_zinc,Nkhotakota,TA Kanyenda,Nkhotakota
Malawi,child_zinc,Dedza,TA Kaphuka,Dedza
Malawi,child_zinc,Salima,TA Karonga,Salima
Malawi,child_zinc,Chikwawa,TA Kasisi,Chikwawa
Malawi,child_zinc,Machinga,TA Kawinga,Machinga
Malawi,child_zinc,Salima,TA Khombedza,Salima
Malawi,child_zinc,Lilongwe,TA Khongoni,Lilongwe
Malawi,child_zinc,Karonga,TA Kilupula,Karonga
Malawi,child_zinc,Blantyre,TA Kuntaja,Blantyre
Malawi,child_zinc,Karonga,TA Kyungu,Karonga
Malawi,child_zinc,Chikwawa,TA Lundu,Chikwawa
Malawi,child_zinc,Mzimba,TA M'Mbelwa,Mzimba
Malawi,child_zinc,Mulanje,TA Mabuka,Mulanje
Malawi,child_zinc,Mzimba,TA Mabulabo,Mzimba
Malawi,child_zinc,Salima,TA Maganga,Salima
Malawi,child_zinc,Zomba,TA Malemia,Zomba
Malawi,child_zinc,Nkhotakota,TA Malenga Chanzi,Nkhotakota
Malawi,child_zinc,Phalombe,TA Mkhumba,Phalombe
Malawi,child_zinc,Mchinji,TA Mlonyeni,Mchinji
Malawi,child_zinc,Chiradzulu,TA Mpama,Chiradzulu
Malawi,child_zinc,Mangochi,TA Mponda,Mangochi
Malawi,child_zinc,Mzimba,TA Mtwalo,Mzimba
Malawi,child_zinc,Nkhata Bay,TA Musisya,Nkhata Bay
Malawi,child_zinc,Chitipa,TA Mwabulambya,Chitipa
Malawi,child_zinc,Nkhotakota,TA Mwadzama,Nkhotakota
Malawi,child_zinc,Kasungu,TA Mwase,Kasungu
Malawi,child_zinc,Chitipa,TA Mwenemisuku,Chitipa
Malawi,child_zinc,Chitipa,TA Mwenewenya,Chitipa
Malawi,child_zinc,Mangochi,TA Nankumba,Mangochi
Malawi,child_zinc,Chiradzulu,TA Nchema,Chiradzulu
Malawi,child_zinc,Thyolo,TA Nchilamwela,Thyolo
Malawi,child_zinc,Nsanje,TA Ndamera,Nsanje
Malawi,child_zinc,Neno,TA Ngozi,Neno
Malawi,child_zinc,Ntcheu,TA Njolomole,Ntcheu
Malawi,child_zinc,Balaka,TA Nsamala,Balaka
Malawi,child_zinc,Mwanza,TA Nthache,Mwanza
Malawi,child_zinc,Dedza,TA Pemba,Dedza
Malawi,child_zinc,Ntcheu,TA Phambala,Ntcheu
Malawi,child_zinc,Kasungu,TA Santhe,Kasungu
Malawi,child_zinc,Neno,TA Symon,Neno
Malawi,child_zinc,Dedza,TA Tambala,Dedza
Malawi,child_zinc,Nkhata Bay,TA Timbiri,Nkhata Bay
Malawi,child_zinc,Karonga,TA Wasambo,Karonga
Malawi,child_zinc,Mchinji,TA Zulu,Mchinji
Malawi,women_zinc,Blantyre,Blantyre City,Blantyre
Malawi,women_zinc,Chitipa,Chitipa Boma,Chitipa
Malawi,women_zinc,Karonga,Karonga Town,Karonga
Malawi,women_zinc,Lilongwe,Lilongwe City,Lilongwe
Malawi,women_zinc,Mwanza,Majete Game Reserve - Mwanza,Mwanza
Malawi,women_zinc,Mzimba,Mzimba Boma,Mzimba
Malawi,women_zinc,Mzimba,Mzuzu City,Mzimba
Malawi,women_zinc,Nkhotakota,Nkhotakota Boma,Nkhotakota
Malawi,women_zinc,Nsanje,Nsanje Boma,Nsanje
Malawi,women_zinc,Chitipa,Nyika N.P. - Chitipa,Chitipa
Malawi,women_zinc,Rumphi,Rumphi Boma,Rumphi
Malawi,women_zinc,Rumphi,SC Chapinduka,Rumphi
Malawi,women_zinc,Ntchisi,SC Chilooko,Ntchisi
Malawi,women_zinc,Mangochi,SC Chowe,Mangochi
Malawi,women_zinc,Mchinji,SC Dambe,Mchinji
Malawi,women_zinc,Ntcheu,SC Goodson Ganya,Ntcheu
Malawi,women_zinc,Mulanje,SC Juma,Mulanje
Malawi,women_zinc,Rumphi,SC Kachulu,Rumphi
Malawi,women_zinc,Salima,SC Kambwiri,Salima
Malawi,women_zinc,Kasungu,SC Kawamba,Kasungu
Malawi,women_zinc,Dowa,SC Kayembe,Dowa
Malawi,women_zinc,Ntcheu,SC Makwangwala,Ntcheu
Malawi,women_zinc,Nkhata Bay,SC Malanda,Nkhata Bay
Malawi,women_zinc,Thyolo,SC Mbawela,Thyolo
Malawi,women_zinc,Nsanje,SC Mbenje,Nsanje
Malawi,women_zinc,Zomba,SC Mbiza,Zomba
Malawi,women_zinc,Mchinji,SC Mduwa,Mchinji
Malawi,women_zinc,Dowa,SC Mkukula,Dowa
Malawi,women_zinc,Dowa,SC Mponela,Dowa
Malawi,women_zinc,Rumphi,SC Mwankhunikira,Rumphi
Malawi,women_zinc,Ntchisi,SC Nthondo,Ntchisi
Malawi,women_zinc,Thyolo,TA Bvumbwe,Thyolo
Malawi,women_zinc,Rumphi,TA Chikulamayembe,Rumphi
Malawi,women_zinc,Mzimba,TA Chindi,Mzimba
Malawi,women_zinc,Lilongwe,TA Chiseka,Lilongwe
Malawi,women_zinc,Dowa,TA Dzoole,Dowa
Malawi,women_zinc,Nkhata Bay,TA Fukamapiri,Nkhata Bay
Malawi,women_zinc,Lilongwe,TA Kabudula,Lilongwe
Malawi,women_zinc,Nkhata Bay,TA Kabunduli,Nkhata Bay
Malawi,women_zinc,Chiradzulu,TA Kadewere,Chiradzulu
Malawi,women_zinc,Balaka,TA Kalembo,Balaka
Malawi,women_zinc,Kasungu,TA Kaluluma,Kasungu
Malawi,women_zinc,Ntchisi,TA Kalumo,Ntchisi
Malawi,women_zinc,Nkhotakota,TA Kanyenda,Nkhotakota
Malawi,women_zinc,Dedza,TA Kaphuka,Dedza
Malawi,women_zinc,Salima,TA Karonga,Salima
Malawi,women_zinc,Chikwawa,TA Kasisi,Chikwawa
Malawi,women_zinc,Machinga,TA Kawinga,Machinga
Malawi,women_zinc,Salima,TA Khombedza,Salima
Malawi,women_zinc,Lilongwe,TA Khongoni,Lilongwe
Malawi,women_zinc,Karonga,TA Kilupula,Karonga
Malawi,women_zinc,Blantyre,TA Kuntaja,Blantyre
Malawi,women_zinc,Karonga,TA Kyungu,Karonga
Malawi,women_zinc,Chikwawa,TA Lundu,Chikwawa
Malawi,women_zinc,Mzimba,TA M'Mbelwa,Mzimba
Malawi,women_zinc,Mulanje,TA Mabuka,Mulanje
Malawi,women_zinc,Mzimba,TA Mabulabo,Mzimba
Malawi,women_zinc,Salima,TA Maganga,Salima
Malawi,women_zinc,Zomba,TA Malemia,Zomba
Malawi,women_zinc,Nkhotakota,TA Malenga Chanzi,Nkhotakota
Malawi,women_zinc,Phalombe,TA Mkhumba,Phalombe
Malawi,women_zinc,Mchinji,TA Mlonyeni,Mchinji
Malawi,women_zinc,Chiradzulu,TA Mpama,Chiradzulu
Malawi,women_zinc,Mangochi,TA Mponda,Mangochi
Malawi,women_zinc,Mzimba,TA Mtwalo,Mzimba
Malawi,women_zinc,Nkhata Bay,TA Musisya,Nkhata Bay
Malawi,women_zinc,Chitipa,TA Mwabulambya,Chitipa
Malawi,women_zinc,Nkhotakota,TA Mwadzama,Nkhotakota
Malawi,women_zinc,Kasungu,TA Mwase,Kasungu
Malawi,women_zinc,Chitipa,TA Mwenemisuku,Chitipa
Malawi,women_zinc,Chitipa,TA Mwenewenya,Chitipa
Malawi,women_zinc,Mangochi,TA Nankumba,Mangochi
Malawi,women_zinc,Chiradzulu,TA Nchema,Chiradzulu
Malawi,women_zinc,Thyolo,TA Nchilamwela,Thyolo
Malawi,women_zinc,Nsanje,TA Ndamera,Nsanje
Malawi,women_zinc,Neno,TA Ngozi,Neno
Malawi,women_zinc,Ntcheu,TA Njolomole,Ntcheu
Malawi,women_zinc,Balaka,TA Nsamala,Balaka
Malawi,women_zinc,Mwanza,TA Nthache,Mwanza
Malawi,women_zinc,Dedza,TA Pemba,Dedza
Malawi,women_zinc,Ntcheu,TA Phambala,Ntcheu
Malawi,women_zinc,Kasungu,TA Santhe,Kasungu
Malawi,women_zinc,Neno,TA Symon,Neno
Malawi,women_zinc,Dedza,TA Tambala,Dedza
Malawi,women_zinc,Nkhata Bay,TA Timbiri,Nkhata Bay
Malawi,women_zinc,Karonga,TA Wasambo,Karonga
Malawi,women_zinc,Mchinji,TA Zulu,Mchinji
