country,outcome,Admin1,Admin2,svy_prev,n_svy
Gambia,child_vitA,Banjul,Banjul,0.07471193092123284,97
Gambia,child_vitA,North Bank,Central Baddibu,0.3571428571428571,14
Gambia,child_vitA,Western,Foni Bintang Karanai,0,17
Gambia,child_vitA,Western,Foni Brefet,0,12
Gambia,child_vitA,Upper River,Fulladu East,0.24633696960276544,124
Gambia,child_vitA,North Bank,Jokadu,0.14285714285714288,14
Gambia,child_vitA,Banjul,Kanifing,0.12937945972429077,72
Gambia,child_vitA,Upper River,Kantora,0.5625,16
Gambia,child_vitA,Western,Kombo Central,0.17423184355970267,27
Gambia,child_vitA,Western,Kombo East,0.1,20
Gambia,child_vitA,Western,Kombo Saint Mary,0.12838761788768127,56
Gambia,child_vitA,Western,Kombo South,0.05263157894736842,19
Gambia,child_vitA,North Bank,Lower Baddibu,0,9
Gambia,child_vitA,North Bank,Lower Nuimi,0,13
Gambia,child_vitA,Upper River,Sandu,0.25,16
Gambia,child_vitA,North Bank,Upper Baddibu,0.08873102064592955,34
Gambia,child_vitA,North Bank,Upper Nuimi,0.22222222222222224,9
Gambia,child_vitA,Upper River,Wuli,0.1111111111111111,9
Gambia,women_vitA,Banjul,Banjul,0,232
Gambia,women_vitA,North Bank,Central Baddibu,0.06060606060606061,33
Gambia,women_vitA,Western,Foni Bintang Karanai,0,20
Gambia,women_vitA,Western,Foni Brefet,0.05882352941176471,17
Gambia,women_vitA,Upper River,Fulladu East,0.025196820445441238,153
Gambia,women_vitA,North Bank,Jokadu,0,12
Gambia,women_vitA,Banjul,Kanifing,0.01322702636478957,139
Gambia,women_vitA,Upper River,Kantora,0.1764705882352941,17
Gambia,women_vitA,Western,Kombo Central,0,42
Gambia,women_vitA,Western,Kombo East,0,28
Gambia,women_vitA,Western,Kombo Saint Mary,0.013203069882629632,95
Gambia,women_vitA,Western,Kombo South,0,29
Gambia,women_vitA,North Bank,Lower Baddibu,0,23
Gambia,women_vitA,North Bank,Lower Nuimi,0,29
Gambia,women_vitA,Upper River,Sandu,0,15
Gambia,women_vitA,North Bank,Upper Baddibu,0.030561624570691986,38
Gambia,women_vitA,North Bank,Upper Nuimi,0,17
Gambia,women_vitA,Upper River,Wuli,0.0909090909090909,11
Gambia,child_iron,Banjul,Banjul,0.4735937386684563,96
Gambia,child_iron,North Bank,Central Baddibu,0.6428571428571428,14
Gambia,child_iron,Western,Foni Bintang Karanai,0.47058823529411764,17
Gambia,child_iron,Western,Foni Brefet,0.6363636363636364,11
Gambia,child_iron,Upper River,Fulladu East,0.6083208562145317,124
Gambia,child_iron,North Bank,Jokadu,0.7857142857142858,14
Gambia,child_iron,Banjul,Kanifing,0.47361199352160166,72
Gambia,child_iron,Upper River,Kantora,0.8666666666666667,15
Gambia,child_iron,Western,Kombo Central,0.3300182481518789,26
Gambia,child_iron,Western,Kombo East,0.6000000000000001,20
Gambia,child_iron,Western,Kombo Saint Mary,0.6347092567755424,56
Gambia,child_iron,Western,Kombo South,0.47368421052631576,19
Gambia,child_iron,North Bank,Lower Baddibu,0.6666666666666667,9
Gambia,child_iron,North Bank,Lower Nuimi,0.5746551456484323,13
Gambia,child_iron,Upper River,Sandu,0.4375,16
Gambia,child_iron,North Bank,Upper Baddibu,0.7074403506014929,34
Gambia,child_iron,North Bank,Upper Nuimi,0.4444444444444445,9
Gambia,child_iron,Upper River,Wuli,0.7777777777777777,9
Gambia,women_iron,Banjul,Banjul,0.34413119665356046,225
Gambia,women_iron,North Bank,Central Baddibu,0.4545454545454546,33
Gambia,women_iron,Western,Foni Bintang Karanai,0.35000000000000003,20
Gambia,women_iron,Western,Foni Brefet,0.29411764705882354,17
Gambia,women_iron,Upper River,Fulladu East,0.47164905936463764,152
Gambia,women_iron,North Bank,Jokadu,0.5833333333333334,12
Gambia,women_iron,Banjul,Kanifing,0.30079447811547333,139
Gambia,women_iron,Upper River,Kantora,0.8235294117647058,17
Gambia,women_iron,Western,Kombo Central,0.3671546547441981,41
Gambia,women_iron,Western,Kombo East,0.42857142857142855,28
Gambia,women_iron,Western,Kombo Saint Mary,0.3673861078283137,95
Gambia,women_iron,Western,Kombo South,0.3448275862068966,29
Gambia,women_iron,North Bank,Lower Baddibu,0.36363636363636365,22
Gambia,women_iron,North Bank,Lower Nuimi,0.3416705585447208,29
Gambia,women_iron,Upper River,Sandu,0.6666666666666666,15
Gambia,women_iron,North Bank,Upper Baddibu,0.5349980377323742,37
Gambia,women_iron,North Bank,Upper Nuimi,0.29411764705882354,17
Gambia,women_iron,Upper River,Wuli,0.7272727272727272,11
Ghana,child_vitA,Greater Accra,Ablekuma Central,0,6
Ghana,child_vitA,Greater Accra,Ablekuma North,0.19999999999999998,10
Ghana,child_vitA,Ashanti,Adansi Asokwa,0,16
Ghana,child_vitA,Central,Agona West,0.1904761904761905,21
Ghana,child_vitA,Ashanti,Asante-Akim South,0,26
Ghana,child_vitA,Greater Accra,Ashaiman,0,5
Ghana,child_vitA,Central,Asikuma-Odoben-Brakwa,0.10526315789473685,19
Ghana,child_vitA,Ashanti,Asokore-Mampong,0.16666666666666669,18
Ghana,child_vitA,Ashanti,Asokwa,0,15
Ghana,child_vitA,Ahafo,Asunafo North,0.10526315789473685,19
Ghana,child_vitA,Ashanti,Atwima-Mponua,0.15625,32
Ghana,child_vitA,Ashanti,Atwima-Nwabiagya South,0,11
Ghana,child_vitA,Central,Awutu Senya West,0.08333333333333333,12
Ghana,child_vitA,Greater Accra,Ayawaso West,0,2
Ghana,child_vitA,Upper East,Bawku West,0.2222222222222222,9
Ghana,child_vitA,Ashanti,Bekwai,0.25,8
Ghana,child_vitA,Upper East,Binduri,0.2,30
Ghana,child_vitA,Savannah,Bole,0.25,4
Ghana,child_vitA,Upper East,Builsa South,0.28571428571428575,7
Ghana,child_vitA,Savannah,Central Gonja,0.16666666666666666,30
Ghana,child_vitA,North East,Chereponi,0.16666666666666666,12
Ghana,child_vitA,Bono,Dormaa West,0.0625,16
Ghana,child_vitA,Greater Accra,Ga East,0,6
Ghana,child_vitA,Northern,Gushegu,0.30000000000000004,10
Ghana,child_vitA,Upper West,Jirapa,0,9
Ghana,child_vitA,Upper East,Kasena Nankana East,0.09090909090909091,22
Ghana,child_vitA,Northern,Kpandai,0,3
Ghana,child_vitA,Ashanti,Kumasi,0.08333333333333333,24
Ghana,child_vitA,Ashanti,Kwadaso,0,11
Ghana,child_vitA,Greater Accra,La-Dade-Kotopon,0.15384615384615385,13
Ghana,child_vitA,Upper West,Lambussie-Karni,0.14285714285714288,14
Ghana,child_vitA,Central,Mfantseman,0.3333333333333333,6
Ghana,child_vitA,Northern,Nanumba South,0.09090909090909091,11
Ghana,child_vitA,Oti,Nkwanta South,0,14
Ghana,child_vitA,Savannah,North East Gonja,0.18181818181818182,11
Ghana,child_vitA,Ashanti,Obuasi,0.11764705882352941,17
Ghana,child_vitA,Northern,Sagnerigu,0.15000000000000002,20
Ghana,child_vitA,Northern,Savelugu,0.3529411764705882,17
Ghana,child_vitA,Savannah,Sawla-Tuna-Kalba,0.2777777777777778,18
Ghana,child_vitA,Western North,Sefwi-Akontombra,0.052631578947368425,19
Ghana,child_vitA,Ashanti,Sekyere Kumawu,0.25,12
Ghana,child_vitA,Ashanti,Sekyere South,0,14
Ghana,child_vitA,Upper West,Sissala East,0.1764705882352941,17
Ghana,child_vitA,Bono,Sunyani West,0,6
Ghana,child_vitA,Upper East,Talensi,0.38461538461538464,13
Ghana,child_vitA,Northern,Tamale,0.36,25
Ghana,child_vitA,Ahafo,Tano North,0.11627906976744186,43
Ghana,child_vitA,Northern,Tatale Sanguli,0.16,25
Ghana,child_vitA,Greater Accra,Tema West,0.09999999999999999,10
Ghana,child_vitA,Northern,Tolon,0.375,32
Ghana,child_vitA,Central,Twifo-Atti-Morkwa,0.125,8
Ghana,child_vitA,Central,Twifo-Hemang-Lower Denkyira,0,6
Ghana,child_vitA,Upper West,Wa East,0,14
Ghana,child_vitA,Upper West,Wa Municipal,0.25,16
Ghana,child_vitA,Greater Accra,Weija Gbawe,0.1276595744680851,47
Ghana,child_vitA,Bono,Wenchi,0.09090909090909091,11
Ghana,child_vitA,North East,West Mamprusi,0.34782608695652173,23
Ghana,child_vitA,North East,Yunyoo-Nasuan,0,10
Ghana,women_vitA,Greater Accra,Ablekuma Central,0,16
Ghana,women_vitA,Greater Accra,Ablekuma North,0,17
Ghana,women_vitA,Ashanti,Adansi Asokwa,0,16
Ghana,women_vitA,Central,Agona West,0.0909090909090909,11
Ghana,women_vitA,Ashanti,Asante-Akim South,0,22
Ghana,women_vitA,Greater Accra,Ashaiman,0,13
Ghana,women_vitA,Central,Asikuma-Odoben-Brakwa,0,20
Ghana,women_vitA,Ashanti,Asokore-Mampong,0,14
Ghana,women_vitA,Ashanti,Asokwa,0,12
Ghana,women_vitA,Ahafo,Asunafo North,0,14
Ghana,women_vitA,Ashanti,Atwima-Mponua,0,36
Ghana,women_vitA,Ashanti,Atwima-Nwabiagya South,0,14
Ghana,women_vitA,Central,Awutu Senya West,0,11
Ghana,women_vitA,Greater Accra,Ayawaso West,0,9
Ghana,women_vitA,Upper East,Bawku West,0,11
Ghana,women_vitA,Ashanti,Bekwai,0,14
Ghana,women_vitA,Upper East,Binduri,0,16
Ghana,women_vitA,Savannah,Bole,0.2,5
Ghana,women_vitA,Upper East,Builsa South,0,2
Ghana,women_vitA,Savannah,Central Gonja,0,18
Ghana,women_vitA,North East,Chereponi,0,7
Ghana,women_vitA,Bono,Dormaa West,0,9
Ghana,women_vitA,Greater Accra,Ga East,0,9
Ghana,women_vitA,Northern,Gushegu,0.1111111111111111,9
Ghana,women_vitA,Upper West,Jirapa,0,8
Ghana,women_vitA,Upper East,Kasena Nankana East,0.0588235294117647,17
Ghana,women_vitA,Northern,Kpandai,0,6
Ghana,women_vitA,Ashanti,Kumasi,0,28
Ghana,women_vitA,Ashanti,Kwadaso,0.06666666666666667,15
Ghana,women_vitA,Greater Accra,La-Dade-Kotopon,0,9
Ghana,women_vitA,Upper West,Lambussie-Karni,0,7
Ghana,women_vitA,Central,Mfantseman,0,5
Ghana,women_vitA,Northern,Nanumba South,0,10
Ghana,women_vitA,Oti,Nkwanta South,0,9
Ghana,women_vitA,Savannah,North East Gonja,0,10
Ghana,women_vitA,Ashanti,Obuasi,0,6
Ghana,women_vitA,Northern,Sagnerigu,0.1,20
Ghana,women_vitA,Northern,Savelugu,0,16
Ghana,women_vitA,Savannah,Sawla-Tuna-Kalba,0,9
Ghana,women_vitA,Western North,Sefwi-Akontombra,0,7
Ghana,women_vitA,Ashanti,Sekyere Kumawu,0,15
Ghana,women_vitA,Ashanti,Sekyere South,0,13
Ghana,women_vitA,Upper West,Sissala East,0,7
Ghana,women_vitA,Bono,Sunyani West,0,8
Ghana,women_vitA,Upper East,Talensi,0.16666666666666666,12
Ghana,women_vitA,Northern,Tamale,0,18
Ghana,women_vitA,Ahafo,Tano North,0,28
Ghana,women_vitA,Northern,Tatale Sanguli,0,9
Ghana,women_vitA,Greater Accra,Tema West,0.07692307692307693,13
Ghana,women_vitA,Northern,Tolon,0,13
Ghana,women_vitA,Central,Twifo-Atti-Morkwa,0,9
Ghana,women_vitA,Central,Twifo-Hemang-Lower Denkyira,0,3
Ghana,women_vitA,Upper West,Wa East,0.1,10
Ghana,women_vitA,Upper West,Wa Municipal,0,20
Ghana,women_vitA,Greater Accra,Weija Gbawe,0.024390243902439025,41
Ghana,women_vitA,Bono,Wenchi,0,16
Ghana,women_vitA,North East,West Mamprusi,0,15
Ghana,women_vitA,North East,Yunyoo-Nasuan,0.08333333333333333,12
Ghana,child_iron,Greater Accra,Ablekuma Central,0.16666666666666666,6
Ghana,child_iron,Greater Accra,Ablekuma North,0.19999999999999998,10
Ghana,child_iron,Ashanti,Adansi Asokwa,0.125,16
Ghana,child_iron,Central,Agona West,0.1904761904761905,21
Ghana,child_iron,Ashanti,Asante-Akim South,0.15384615384615383,26
Ghana,child_iron,Greater Accra,Ashaiman,0,5
Ghana,child_iron,Central,Asikuma-Odoben-Brakwa,0.15789473684210528,19
Ghana,child_iron,Ashanti,Asokore-Mampong,0.2777777777777778,18
Ghana,child_iron,Ashanti,Asokwa,0.4,15
Ghana,child_iron,Ahafo,Asunafo North,0,19
Ghana,child_iron,Ashanti,Atwima-Mponua,0.09375,32
Ghana,child_iron,Ashanti,Atwima-Nwabiagya South,0.18181818181818182,11
Ghana,child_iron,Central,Awutu Senya West,0.16666666666666666,12
Ghana,child_iron,Greater Accra,Ayawaso West,0,2
Ghana,child_iron,Upper East,Bawku West,0.3333333333333333,9
Ghana,child_iron,Ashanti,Bekwai,0,8
Ghana,child_iron,Upper East,Binduri,0.6666666666666666,30
Ghana,child_iron,Savannah,Bole,0.25,4
Ghana,child_iron,Upper East,Builsa South,0.28571428571428575,7
Ghana,child_iron,Savannah,Central Gonja,0.4,30
Ghana,child_iron,North East,Chereponi,0.16666666666666666,12
Ghana,child_iron,Bono,Dormaa West,0.25,16
Ghana,child_iron,Greater Accra,Ga East,0.3333333333333333,6
Ghana,child_iron,Northern,Gushegu,0.4,10
Ghana,child_iron,Upper West,Jirapa,0.1111111111111111,9
Ghana,child_iron,Upper East,Kasena Nankana East,0.4090909090909091,22
Ghana,child_iron,Northern,Kpandai,0.6666666666666666,3
Ghana,child_iron,Ashanti,Kumasi,0.25,24
Ghana,child_iron,Ashanti,Kwadaso,0.18181818181818182,11
Ghana,child_iron,Greater Accra,La-Dade-Kotopon,0,13
Ghana,child_iron,Upper West,Lambussie-Karni,0.28571428571428575,14
Ghana,child_iron,Central,Mfantseman,0,6
Ghana,child_iron,Northern,Nanumba South,0.4545454545454546,11
Ghana,child_iron,Oti,Nkwanta South,0.07142857142857142,14
Ghana,child_iron,Savannah,North East Gonja,0.09090909090909091,11
Ghana,child_iron,Ashanti,Obuasi,0.058823529411764705,17
Ghana,child_iron,Northern,Sagnerigu,0.30000000000000004,20
Ghana,child_iron,Northern,Savelugu,0.7058823529411764,17
Ghana,child_iron,Savannah,Sawla-Tuna-Kalba,0.1111111111111111,18
Ghana,child_iron,Western North,Sefwi-Akontombra,0,19
Ghana,child_iron,Ashanti,Sekyere Kumawu,0.16666666666666666,12
Ghana,child_iron,Ashanti,Sekyere South,0,14
Ghana,child_iron,Upper West,Sissala East,0.5294117647058822,17
Ghana,child_iron,Bono,Sunyani West,0.16666666666666666,6
Ghana,child_iron,Upper East,Talensi,0.5384615384615385,13
Ghana,child_iron,Northern,Tamale,0.76,25
Ghana,child_iron,Ahafo,Tano North,0.18604651162790697,43
Ghana,child_iron,Northern,Tatale Sanguli,0.36,25
Ghana,child_iron,Greater Accra,Tema West,0.09999999999999999,10
Ghana,child_iron,Northern,Tolon,0.53125,32
Ghana,child_iron,Central,Twifo-Atti-Morkwa,0,8
Ghana,child_iron,Central,Twifo-Hemang-Lower Denkyira,0,6
Ghana,child_iron,Upper West,Wa East,0.3571428571428572,14
Ghana,child_iron,Upper West,Wa Municipal,0.0625,16
Ghana,child_iron,Greater Accra,Weija Gbawe,0.14893617021276595,47
Ghana,child_iron,Bono,Wenchi,0.09090909090909091,11
Ghana,child_iron,North East,West Mamprusi,0.2608695652173913,23
Ghana,child_iron,North East,Yunyoo-Nasuan,0.1,10
Ghana,women_iron,Greater Accra,Ablekuma Central,0.2,15
Ghana,women_iron,Greater Accra,Ablekuma North,0.058823529411764705,17
Ghana,women_iron,Ashanti,Adansi Asokwa,0.0625,16
Ghana,women_iron,Central,Agona West,0.1818181818181818,11
Ghana,women_iron,Ashanti,Asante-Akim South,0.13636363636363635,22
Ghana,women_iron,Greater Accra,Ashaiman,0.3076923076923077,13
Ghana,women_iron,Central,Asikuma-Odoben-Brakwa,0.15,20
Ghana,women_iron,Ashanti,Asokore-Mampong,0.21428571428571427,14
Ghana,women_iron,Ashanti,Asokwa,0,12
Ghana,women_iron,Ahafo,Asunafo North,0.07142857142857142,14
Ghana,women_iron,Ashanti,Atwima-Mponua,0.05555555555555556,36
Ghana,women_iron,Ashanti,Atwima-Nwabiagya South,0.14285714285714285,14
Ghana,women_iron,Central,Awutu Senya West,0.0909090909090909,11
Ghana,women_iron,Greater Accra,Ayawaso West,0,9
Ghana,women_iron,Upper East,Bawku West,0.18181818181818182,11
Ghana,women_iron,Ashanti,Bekwai,0.14285714285714285,14
Ghana,women_iron,Upper East,Binduri,0.25,16
Ghana,women_iron,Savannah,Bole,0,5
Ghana,women_iron,Upper East,Builsa South,0.5,2
Ghana,women_iron,Savannah,Central Gonja,0.05555555555555555,18
Ghana,women_iron,North East,Chereponi,0.14285714285714288,7
Ghana,women_iron,Bono,Dormaa West,0.11111111111111112,9
Ghana,women_iron,Greater Accra,Ga East,0.3333333333333333,9
Ghana,women_iron,Northern,Gushegu,0.25,8
Ghana,women_iron,Upper West,Jirapa,0,8
Ghana,women_iron,Upper East,Kasena Nankana East,0.3529411764705882,17
Ghana,women_iron,Northern,Kpandai,0,6
Ghana,women_iron,Ashanti,Kumasi,0.2222222222222222,27
Ghana,women_iron,Ashanti,Kwadaso,0.2,15
Ghana,women_iron,Greater Accra,La-Dade-Kotopon,0.1111111111111111,9
Ghana,women_iron,Upper West,Lambussie-Karni,0,7
Ghana,women_iron,Central,Mfantseman,0,5
Ghana,women_iron,Northern,Nanumba South,0.2,10
Ghana,women_iron,Oti,Nkwanta South,0,9
Ghana,women_iron,Savannah,North East Gonja,0.1,10
Ghana,women_iron,Ashanti,Obuasi,0,6
Ghana,women_iron,Northern,Sagnerigu,0.35000000000000003,20
Ghana,women_iron,Northern,Savelugu,0.375,16
Ghana,women_iron,Savannah,Sawla-Tuna-Kalba,0,9
Ghana,women_iron,Western North,Sefwi-Akontombra,0,7
Ghana,women_iron,Ashanti,Sekyere Kumawu,0.14285714285714285,14
Ghana,women_iron,Ashanti,Sekyere South,0,13
Ghana,women_iron,Upper West,Sissala East,0.14285714285714288,7
Ghana,women_iron,Bono,Sunyani West,0,7
Ghana,women_iron,Upper East,Talensi,0.25,12
Ghana,women_iron,Northern,Tamale,0.16666666666666666,18
Ghana,women_iron,Ahafo,Tano North,0.03571428571428571,28
Ghana,women_iron,Northern,Tatale Sanguli,0,9
Ghana,women_iron,Greater Accra,Tema West,0.15384615384615385,13
Ghana,women_iron,Northern,Tolon,0.23076923076923078,13
Ghana,women_iron,Central,Twifo-Atti-Morkwa,0.1111111111111111,9
Ghana,women_iron,Central,Twifo-Hemang-Lower Denkyira,0.3333333333333333,3
Ghana,women_iron,Upper West,Wa East,0,10
Ghana,women_iron,Upper West,Wa Municipal,0.15789473684210525,19
Ghana,women_iron,Greater Accra,Weija Gbawe,0.10526315789473685,38
Ghana,women_iron,Bono,Wenchi,0,16
Ghana,women_iron,North East,West Mamprusi,0.4,15
Ghana,women_iron,North East,Yunyoo-Nasuan,0,12
Ghana,women_folate,Greater Accra,Ablekuma Central,0.7142857142857142,7
Ghana,women_folate,Greater Accra,Ablekuma North,0.5714285714285714,7
Ghana,women_folate,Ashanti,Adansi Asokwa,0.3333333333333333,6
Ghana,women_folate,Central,Agona West,0.19999999999999998,5
Ghana,women_folate,Ashanti,Asante-Akim South,0.8,10
Ghana,women_folate,Greater Accra,Ashaiman,0.75,8
Ghana,women_folate,Central,Asikuma-Odoben-Brakwa,0.5555555555555556,9
Ghana,women_folate,Ashanti,Asokore-Mampong,0.375,8
Ghana,women_folate,Ashanti,Asokwa,0.6666666666666666,6
Ghana,women_folate,Ahafo,Asunafo North,0.42857142857142855,7
Ghana,women_folate,Ashanti,Atwima-Mponua,0.375,16
Ghana,women_folate,Ashanti,Atwima-Nwabiagya South,0.8,5
Ghana,women_folate,Central,Awutu Senya West,0.6,5
Ghana,women_folate,Greater Accra,Ayawaso West,0.39999999999999997,5
Ghana,women_folate,Upper East,Bawku West,1,5
Ghana,women_folate,Ashanti,Bekwai,0.3333333333333333,6
Ghana,women_folate,Upper East,Binduri,0.875,8
Ghana,women_folate,Savannah,Bole,0.6666666666666666,3
Ghana,women_folate,Upper East,Builsa South,1,1
Ghana,women_folate,Savannah,Central Gonja,1,9
Ghana,women_folate,North East,Chereponi,0.3333333333333333,3
Ghana,women_folate,Bono,Dormaa West,0.6000000000000001,5
Ghana,women_folate,Greater Accra,Ga East,0.3333333333333333,3
Ghana,women_folate,Northern,Gushegu,0.6000000000000001,5
Ghana,women_folate,Upper West,Jirapa,0.2,5
Ghana,women_folate,Upper East,Kasena Nankana East,0.3333333333333333,9
Ghana,women_folate,Northern,Kpandai,1,2
Ghana,women_folate,Ashanti,Kumasi,0.7142857142857142,14
Ghana,women_folate,Ashanti,Kwadaso,0.375,8
Ghana,women_folate,Greater Accra,La-Dade-Kotopon,0.19999999999999998,5
Ghana,women_folate,Upper West,Lambussie-Karni,0,3
Ghana,women_folate,Central,Mfantseman,0,2
Ghana,women_folate,Northern,Nanumba South,0.75,4
Ghana,women_folate,Oti,Nkwanta South,1,4
Ghana,women_folate,Savannah,North East Gonja,0.6000000000000001,5
Ghana,women_folate,Ashanti,Obuasi,0,3
Ghana,women_folate,Northern,Sagnerigu,0.5555555555555556,9
Ghana,women_folate,Northern,Savelugu,0.625,8
Ghana,women_folate,Savannah,Sawla-Tuna-Kalba,0.6666666666666666,6
Ghana,women_folate,Western North,Sefwi-Akontombra,0,3
Ghana,women_folate,Ashanti,Sekyere Kumawu,0.7142857142857142,7
Ghana,women_folate,Ashanti,Sekyere South,0.3333333333333333,6
Ghana,women_folate,Upper West,Sissala East,0.75,4
Ghana,women_folate,Bono,Sunyani West,0.75,4
Ghana,women_folate,Upper East,Talensi,0.14285714285714288,7
Ghana,women_folate,Northern,Tamale,0.8571428571428572,7
Ghana,women_folate,Ahafo,Tano North,0.5,12
Ghana,women_folate,Northern,Tatale Sanguli,0.8,5
Ghana,women_folate,Greater Accra,Tema West,0.8333333333333333,6
Ghana,women_folate,Northern,Tolon,0.375,8
Ghana,women_folate,Central,Twifo-Atti-Morkwa,0.8333333333333333,6
Ghana,women_folate,Central,Twifo-Hemang-Lower Denkyira,1,2
Ghana,women_folate,Upper West,Wa East,0.3333333333333333,3
Ghana,women_folate,Upper West,Wa Municipal,0.3333333333333333,9
Ghana,women_folate,Greater Accra,Weija Gbawe,0.380952380952381,21
Ghana,women_folate,Bono,Wenchi,0.875,8
Ghana,women_folate,North East,West Mamprusi,0.6666666666666666,6
Ghana,women_folate,North East,Yunyoo-Nasuan,0.28571428571428575,7
Ghana,women_b12,Greater Accra,Ablekuma Central,0,7
Ghana,women_b12,Greater Accra,Ablekuma North,0,7
Ghana,women_b12,Ashanti,Adansi Asokwa,0,6
Ghana,women_b12,Central,Agona West,0,4
Ghana,women_b12,Ashanti,Asante-Akim South,0,10
Ghana,women_b12,Greater Accra,Ashaiman,0,8
Ghana,women_b12,Central,Asikuma-Odoben-Brakwa,0,9
Ghana,women_b12,Ashanti,Asokore-Mampong,0.125,8
Ghana,women_b12,Ashanti,Asokwa,0,6
Ghana,women_b12,Ahafo,Asunafo North,0,7
Ghana,women_b12,Ashanti,Atwima-Mponua,0,16
Ghana,women_b12,Ashanti,Atwima-Nwabiagya South,0,5
Ghana,women_b12,Central,Awutu Senya West,0,5
Ghana,women_b12,Greater Accra,Ayawaso West,0.19999999999999998,5
Ghana,women_b12,Upper East,Bawku West,0,5
Ghana,women_b12,Ashanti,Bekwai,0.16666666666666666,6
Ghana,women_b12,Upper East,Binduri,0,8
Ghana,women_b12,Savannah,Bole,0,3
Ghana,women_b12,Upper East,Builsa South,0,1
Ghana,women_b12,Savannah,Central Gonja,0,9
Ghana,women_b12,North East,Chereponi,1,3
Ghana,women_b12,Bono,Dormaa West,0,5
Ghana,women_b12,Greater Accra,Ga East,0,3
Ghana,women_b12,Northern,Gushegu,0.4,5
Ghana,women_b12,Upper West,Jirapa,0,5
Ghana,women_b12,Upper East,Kasena Nankana East,0,9
Ghana,women_b12,Northern,Kpandai,0.5,2
Ghana,women_b12,Ashanti,Kumasi,0.14285714285714285,14
Ghana,women_b12,Ashanti,Kwadaso,0,8
Ghana,women_b12,Greater Accra,La-Dade-Kotopon,0,5
Ghana,women_b12,Upper West,Lambussie-Karni,0,3
Ghana,women_b12,Central,Mfantseman,0,2
Ghana,women_b12,Northern,Nanumba South,0.25,4
Ghana,women_b12,Oti,Nkwanta South,0,4
Ghana,women_b12,Savannah,North East Gonja,0.2,5
Ghana,women_b12,Ashanti,Obuasi,0,3
Ghana,women_b12,Northern,Sagnerigu,0,9
Ghana,women_b12,Northern,Savelugu,0.25,8
Ghana,women_b12,Savannah,Sawla-Tuna-Kalba,0.16666666666666666,6
Ghana,women_b12,Western North,Sefwi-Akontombra,0,3
Ghana,women_b12,Ashanti,Sekyere Kumawu,0,7
Ghana,women_b12,Ashanti,Sekyere South,0.16666666666666666,6
Ghana,women_b12,Upper West,Sissala East,0.25,4
Ghana,women_b12,Bono,Sunyani West,0,4
Ghana,women_b12,Upper East,Talensi,0,6
Ghana,women_b12,Northern,Tamale,0.28571428571428575,7
Ghana,women_b12,Ahafo,Tano North,0.08333333333333333,12
Ghana,women_b12,Northern,Tatale Sanguli,0.4,5
Ghana,women_b12,Greater Accra,Tema West,0,6
Ghana,women_b12,Northern,Tolon,0.25,8
Ghana,women_b12,Central,Twifo-Atti-Morkwa,0,6
Ghana,women_b12,Central,Twifo-Hemang-Lower Denkyira,0,2
Ghana,women_b12,Upper West,Wa East,0,3
Ghana,women_b12,Upper West,Wa Municipal,0,9
Ghana,women_b12,Greater Accra,Weija Gbawe,0.09523809523809525,21
Ghana,women_b12,Bono,Wenchi,0.125,8
Ghana,women_b12,North East,West Mamprusi,0.16666666666666666,6
Ghana,women_b12,North East,Yunyoo-Nasuan,0.4285714285714286,7
Sierra Leone,child_vitA,Eastern,Kailahun,0.037038231479452864,19
Sierra Leone,child_vitA,Eastern,Kenema,0.13733071440430047,38
Sierra Leone,child_vitA,Eastern,Kono,0.11081894221778936,54
Sierra Leone,child_vitA,Western,Western Rural,0.10080199153593988,42
Sierra Leone,child_vitA,Western,Western Urban,0.15254237288135591,41
Sierra Leone,women_vitA,Eastern,Kailahun,0.03262986720484611,52
Sierra Leone,women_vitA,Eastern,Kenema,0,81
Sierra Leone,women_vitA,Eastern,Kono,0,33
Sierra Leone,women_vitA,Western,Western Rural,0.005261158956989394,87
Sierra Leone,women_vitA,Western,Western Urban,0.02359882005899705,108
Sierra Leone,child_iron,Eastern,Kailahun,0.14815292591781146,19
Sierra Leone,child_iron,Eastern,Kenema,0.0600915315124487,38
Sierra Leone,child_iron,Eastern,Kono,0.06596775890173791,54
Sierra Leone,child_iron,Western,Western Rural,0.08871066854756893,42
Sierra Leone,child_iron,Western,Western Urban,0.01694915254237288,41
Sierra Leone,women_iron,Eastern,Kailahun,0.11979906488205509,52
Sierra Leone,women_iron,Eastern,Kenema,0.21672348507637212,81
Sierra Leone,women_iron,Eastern,Kono,0.2852985131480197,33
Sierra Leone,women_iron,Western,Western Rural,0.18912037478830823,87
Sierra Leone,women_iron,Western,Western Urban,0.1799410029498525,108
Sierra Leone,women_folate,Eastern,Kailahun,0.6167879543652856,53
Sierra Leone,women_folate,Eastern,Kenema,0.8380138983504452,90
Sierra Leone,women_folate,Eastern,Kono,0.9384666281116486,32
Sierra Leone,women_folate,Western,Western Rural,0.7589266694200343,86
Sierra Leone,women_folate,Western,Western Urban,0.7320261437908497,99
Sierra Leone,women_b12,Eastern,Kailahun,0,53
Sierra Leone,women_b12,Eastern,Kenema,0.019956646251164358,90
Sierra Leone,women_b12,Eastern,Kono,0,32
Sierra Leone,women_b12,Western,Western Rural,0,86
Sierra Leone,women_b12,Western,Western Urban,0.01282051282051282,101
Malawi,child_vitA,Blantyre,Blantyre City,0.11327627725916452,9
Malawi,child_vitA,Chitipa,Chitipa Boma,0,5
Malawi,child_vitA,Mwanza,Majete Game Reserve - Mwanza,0.09090909090909091,11
Malawi,child_vitA,Mzimba,Mzimba Boma,0.16666666666666669,6
Malawi,child_vitA,Mzimba,Mzuzu City,0,10
Malawi,child_vitA,Nkhotakota,Nkhotakota Boma,0.33333333333333337,6
Malawi,child_vitA,Chitipa,Nyika N.P. - Chitipa,0.1,10
Malawi,child_vitA,Rumphi,Rumphi Boma,0,17
Malawi,child_vitA,Rumphi,SC Chapinduka,0,11
Malawi,child_vitA,Ntchisi,SC Chilooko,0,10
Malawi,child_vitA,Mangochi,SC Chowe,0,10
Malawi,child_vitA,Mchinji,SC Dambe,0.23809523809523808,21
Malawi,child_vitA,Ntcheu,SC Goodson Ganya,0.07692307692307693,13
Malawi,child_vitA,Mulanje,SC Juma,0.14285714285714285,14
Malawi,child_vitA,Rumphi,SC Kachulu,0,9
Malawi,child_vitA,Salima,SC Kambwiri,0.15384615384615385,13
Malawi,child_vitA,Kasungu,SC Kawamba,0,14
Malawi,child_vitA,Dowa,SC Kayembe,0.125,8
Malawi,child_vitA,Ntcheu,SC Makwangwala,0.23076923076923078,13
Malawi,child_vitA,Nkhata Bay,SC Malanda,0,7
Malawi,child_vitA,Thyolo,SC Mbawela,0,11
Malawi,child_vitA,Zomba,SC Mbiza,0.3571428571428571,14
Malawi,child_vitA,Mchinji,SC Mduwa,0.14285714285714285,14
Malawi,child_vitA,Dowa,SC Mkukula,0,9
Malawi,child_vitA,Dowa,SC Mponela,0,7
Malawi,child_vitA,Rumphi,SC Mwankhunikira,0,5
Malawi,child_vitA,Ntchisi,SC Nthondo,0.058823529411764705,17
Malawi,child_vitA,Thyolo,TA Bvumbwe,0,11
Malawi,child_vitA,Rumphi,TA Chikulamayembe,0.0731055164815137,27
Malawi,child_vitA,Mzimba,TA Chindi,0,25
Malawi,child_vitA,Dowa,TA Dzoole,0,3
Malawi,child_vitA,Nkhata Bay,TA Fukamapiri,0,12
Malawi,child_vitA,Nkhata Bay,TA Kabunduli,0.29411764705882354,17
Malawi,child_vitA,Balaka,TA Kalembo,0.14285714285714285,7
Malawi,child_vitA,Kasungu,TA Kaluluma,0,8
Malawi,child_vitA,Ntchisi,TA Kalumo,0.08333333333333333,12
Malawi,child_vitA,Nkhotakota,TA Kanyenda,0.06666666666666667,15
Malawi,child_vitA,Salima,TA Karonga,0,7
Malawi,child_vitA,Chikwawa,TA Kasisi,0,9
Malawi,child_vitA,Machinga,TA Kawinga,0.2777777777777778,18
Malawi,child_vitA,Salima,TA Khombedza,0.3636363636363636,11
Malawi,child_vitA,Blantyre,TA Kuntaja,0.5,2
Malawi,child_vitA,Chikwawa,TA Lundu,0,16
Malawi,child_vitA,Mzimba,TA M'Mbelwa,0.10526315789473684,19
Malawi,child_vitA,Mulanje,TA Mabuka,0,18
Malawi,child_vitA,Mzimba,TA Mabulabo,0.1111111111111111,18
Malawi,child_vitA,Salima,TA Maganga,0.16666666666666669,12
Malawi,child_vitA,Zomba,TA Malemia,0.08650318191827867,46
Malawi,child_vitA,Nkhotakota,TA Malenga Chanzi,0.1111111111111111,9
Malawi,child_vitA,Phalombe,TA Mkhumba,0.04297035810940474,35
Malawi,child_vitA,Mchinji,TA Mlonyeni,0,12
Malawi,child_vitA,Mangochi,TA Mponda,0.14285714285714285,7
Malawi,child_vitA,Mzimba,TA Mtwalo,0,14
Malawi,child_vitA,Nkhata Bay,TA Musisya,0,13
Malawi,child_vitA,Chitipa,TA Mwabulambya,0,7
Malawi,child_vitA,Nkhotakota,TA Mwadzama,0.05263157894736842,19
Malawi,child_vitA,Kasungu,TA Mwase,0.1111111111111111,9
Malawi,child_vitA,Chitipa,TA Mwenemisuku,0.05938909809477648,16
Malawi,child_vitA,Chitipa,TA Mwenewenya,0,15
Malawi,child_vitA,Mangochi,TA Nankumba,0.47058823529411764,17
Malawi,child_vitA,Thyolo,TA Nchilamwela,0,1
Malawi,child_vitA,Neno,TA Ngozi,0.0072790730579967615,16
Malawi,child_vitA,Ntcheu,TA Njolomole,0.06666666666666667,15
Malawi,child_vitA,Balaka,TA Nsamala,0,6
Malawi,child_vitA,Mwanza,TA Nthache,0,5
Malawi,child_vitA,Ntcheu,TA Phambala,0.15384615384615385,13
Malawi,child_vitA,Kasungu,TA Santhe,0.1,10
Malawi,child_vitA,Neno,TA Symon,0,7
Malawi,child_vitA,Nkhata Bay,TA Timbiri,0.05406838612187033,32
Malawi,child_vitA,Mchinji,TA Zulu,0.16666666666666669,12
Malawi,women_vitA,Blantyre,Blantyre City,0,11
Malawi,women_vitA,Chitipa,Chitipa Boma,0,3
Malawi,women_vitA,Mwanza,Majete Game Reserve - Mwanza,0,11
Malawi,women_vitA,Mzimba,Mzimba Boma,0,8
Malawi,women_vitA,Mzimba,Mzuzu City,0,13
Malawi,women_vitA,Nkhotakota,Nkhotakota Boma,0,6
Malawi,women_vitA,Chitipa,Nyika N.P. - Chitipa,0,4
Malawi,women_vitA,Rumphi,Rumphi Boma,0,19
Malawi,women_vitA,Rumphi,SC Chapinduka,0,8
Malawi,women_vitA,Ntchisi,SC Chilooko,0,7
Malawi,women_vitA,Mangochi,SC Chowe,0,8
Malawi,women_vitA,Mchinji,SC Dambe,0.08333333333333333,12
Malawi,women_vitA,Ntcheu,SC Goodson Ganya,0,11
Malawi,women_vitA,Mulanje,SC Juma,0,4
Malawi,women_vitA,Rumphi,SC Kachulu,0,6
Malawi,women_vitA,Salima,SC Kambwiri,0,6
Malawi,women_vitA,Kasungu,SC Kawamba,0,9
Malawi,women_vitA,Dowa,SC Kayembe,0,7
Malawi,women_vitA,Ntcheu,SC Makwangwala,0,11
Malawi,women_vitA,Nkhata Bay,SC Malanda,0,5
Malawi,women_vitA,Thyolo,SC Mbawela,0,11
Malawi,women_vitA,Zomba,SC Mbiza,0.125,8
Malawi,women_vitA,Mchinji,SC Mduwa,0,6
Malawi,women_vitA,Dowa,SC Mkukula,0,11
Malawi,women_vitA,Dowa,SC Mponela,0,10
Malawi,women_vitA,Rumphi,SC Mwankhunikira,0,7
Malawi,women_vitA,Ntchisi,SC Nthondo,0.125,8
Malawi,women_vitA,Thyolo,TA Bvumbwe,0.06666666666666667,15
Malawi,women_vitA,Rumphi,TA Chikulamayembe,0,15
Malawi,women_vitA,Mzimba,TA Chindi,0,17
Malawi,women_vitA,Dowa,TA Dzoole,0,8
Malawi,women_vitA,Nkhata Bay,TA Fukamapiri,0,5
Malawi,women_vitA,Nkhata Bay,TA Kabunduli,0,6
Malawi,women_vitA,Balaka,TA Kalembo,0,5
Malawi,women_vitA,Kasungu,TA Kaluluma,0,10
Malawi,women_vitA,Ntchisi,TA Kalumo,0,8
Malawi,women_vitA,Nkhotakota,TA Kanyenda,0,9
Malawi,women_vitA,Salima,TA Karonga,0,7
Malawi,women_vitA,Chikwawa,TA Kasisi,0.16666666666666666,6
Malawi,women_vitA,Machinga,TA Kawinga,0,8
Malawi,women_vitA,Salima,TA Khombedza,0,3
Malawi,women_vitA,Blantyre,TA Kuntaja,0,2
Malawi,women_vitA,Chikwawa,TA Lundu,0,20
Malawi,women_vitA,Mzimba,TA M'Mbelwa,0,8
Malawi,women_vitA,Mulanje,TA Mabuka,0,21
Malawi,women_vitA,Mzimba,TA Mabulabo,0,5
Malawi,women_vitA,Salima,TA Maganga,0,11
Malawi,women_vitA,Zomba,TA Malemia,0,22
Malawi,women_vitA,Nkhotakota,TA Malenga Chanzi,0,8
Malawi,women_vitA,Phalombe,TA Mkhumba,0,26
Malawi,women_vitA,Mchinji,TA Mlonyeni,0,9
Malawi,women_vitA,Mangochi,TA Mponda,0,5
Malawi,women_vitA,Mzimba,TA Mtwalo,0,12
Malawi,women_vitA,Nkhata Bay,TA Musisya,0,4
Malawi,women_vitA,Chitipa,TA Mwabulambya,0,16
Malawi,women_vitA,Nkhotakota,TA Mwadzama,0,9
Malawi,women_vitA,Kasungu,TA Mwase,0,7
Malawi,women_vitA,Chitipa,TA Mwenemisuku,0,13
Malawi,women_vitA,Chitipa,TA Mwenewenya,0,7
Malawi,women_vitA,Mangochi,TA Nankumba,0,11
Malawi,women_vitA,Thyolo,TA Nchilamwela,0,2
Malawi,women_vitA,Neno,TA Ngozi,0,15
Malawi,women_vitA,Ntcheu,TA Njolomole,0,9
Malawi,women_vitA,Balaka,TA Nsamala,0,6
Malawi,women_vitA,Mwanza,TA Nthache,0.1,10
Malawi,women_vitA,Ntcheu,TA Phambala,0,11
Malawi,women_vitA,Kasungu,TA Santhe,0.1,10
Malawi,women_vitA,Neno,TA Symon,0,8
Malawi,women_vitA,Nkhata Bay,TA Timbiri,0,26
Malawi,women_vitA,Mchinji,TA Zulu,0,8
Malawi,child_iron,Blantyre,Blantyre City,0.4433618613704177,9
Malawi,child_iron,Chitipa,Chitipa Boma,0.6000000000000001,5
Malawi,child_iron,Mwanza,Majete Game Reserve - Mwanza,0.09090909090909091,11
Malawi,child_iron,Mzimba,Mzimba Boma,0.33333333333333337,6
Malawi,child_iron,Mzimba,Mzuzu City,0.374391218396001,10
Malawi,child_iron,Nkhotakota,Nkhotakota Boma,0.16666666666666669,6
Malawi,child_iron,Chitipa,Nyika N.P. - Chitipa,0.1,10
Malawi,child_iron,Rumphi,Rumphi Boma,0.4008624455208162,17
Malawi,child_iron,Rumphi,SC Chapinduka,0.36363636363636365,11
Malawi,child_iron,Ntchisi,SC Chilooko,0.2,10
Malawi,child_iron,Mangochi,SC Chowe,0.3,10
Malawi,child_iron,Mchinji,SC Dambe,0.19047619047619047,21
Malawi,child_iron,Ntcheu,SC Goodson Ganya,0.15384615384615385,13
Malawi,child_iron,Mulanje,SC Juma,0.2857142857142857,14
Malawi,child_iron,Rumphi,SC Kachulu,0.6666666666666666,9
Malawi,child_iron,Salima,SC Kambwiri,0.07692307692307693,13
Malawi,child_iron,Kasungu,SC Kawamba,0.2857142857142857,14
Malawi,child_iron,Dowa,SC Kayembe,0.125,8
Malawi,child_iron,Ntcheu,SC Makwangwala,0.3076923076923077,13
Malawi,child_iron,Nkhata Bay,SC Malanda,0.14285714285714285,7
Malawi,child_iron,Thyolo,SC Mbawela,0.18181818181818182,11
Malawi,child_iron,Zomba,SC Mbiza,0,14
Malawi,child_iron,Mchinji,SC Mduwa,0.07142857142857142,14
Malawi,child_iron,Dowa,SC Mkukula,0.1111111111111111,9
Malawi,child_iron,Dowa,SC Mponela,0.14285714285714285,7
Malawi,child_iron,Rumphi,SC Mwankhunikira,0.2,5
Malawi,child_iron,Ntchisi,SC Nthondo,0.11764705882352941,17
Malawi,child_iron,Thyolo,TA Bvumbwe,0.18181818181818182,11
Malawi,child_iron,Rumphi,TA Chikulamayembe,0.37299931240732,27
Malawi,child_iron,Mzimba,TA Chindi,0.2678058633381094,25
Malawi,child_iron,Dowa,TA Dzoole,0,3
Malawi,child_iron,Nkhata Bay,TA Fukamapiri,0,12
Malawi,child_iron,Nkhata Bay,TA Kabunduli,0.1764705882352941,17
Malawi,child_iron,Balaka,TA Kalembo,0.5714285714285714,7
Malawi,child_iron,Kasungu,TA Kaluluma,0.125,8
Malawi,child_iron,Ntchisi,TA Kalumo,0.08333333333333333,12
Malawi,child_iron,Nkhotakota,TA Kanyenda,0.13333333333333333,15
Malawi,child_iron,Salima,TA Karonga,0.14285714285714285,7
Malawi,child_iron,Chikwawa,TA Kasisi,0.1111111111111111,9
Malawi,child_iron,Machinga,TA Kawinga,0.2222222222222222,18
Malawi,child_iron,Salima,TA Khombedza,0.1818181818181818,11
Malawi,child_iron,Blantyre,TA Kuntaja,0,2
Malawi,child_iron,Chikwawa,TA Lundu,0.5,16
Malawi,child_iron,Mzimba,TA M'Mbelwa,0.3157894736842105,19
Malawi,child_iron,Mulanje,TA Mabuka,0.20678178062979186,18
Malawi,child_iron,Mzimba,TA Mabulabo,0.05555555555555555,18
Malawi,child_iron,Salima,TA Maganga,0.08333333333333334,12
Malawi,child_iron,Zomba,TA Malemia,0.21452015214909828,46
Malawi,child_iron,Nkhotakota,TA Malenga Chanzi,0.2222222222222222,9
Malawi,child_iron,Phalombe,TA Mkhumba,0.40051203352829645,35
Malawi,child_iron,Mchinji,TA Mlonyeni,0.16666666666666666,12
Malawi,child_iron,Mangochi,TA Mponda,0.2857142857142857,7
Malawi,child_iron,Mzimba,TA Mtwalo,0.21428571428571427,14
Malawi,child_iron,Nkhata Bay,TA Musisya,0.15384615384615385,13
Malawi,child_iron,Chitipa,TA Mwabulambya,0.14285714285714285,7
Malawi,child_iron,Nkhotakota,TA Mwadzama,0.3157894736842105,19
Malawi,child_iron,Kasungu,TA Mwase,0.1111111111111111,9
Malawi,child_iron,Chitipa,TA Mwenemisuku,0.05938909809477648,16
Malawi,child_iron,Chitipa,TA Mwenewenya,0.26666666666666666,15
Malawi,child_iron,Mangochi,TA Nankumba,0.11764705882352941,17
Malawi,child_iron,Thyolo,TA Nchilamwela,0,1
Malawi,child_iron,Neno,TA Ngozi,0.4854418538840065,16
Malawi,child_iron,Ntcheu,TA Njolomole,0.2,15
Malawi,child_iron,Balaka,TA Nsamala,0.3333333333333333,6
Malawi,child_iron,Mwanza,TA Nthache,0,5
Malawi,child_iron,Ntcheu,TA Phambala,0.07692307692307693,13
Malawi,child_iron,Kasungu,TA Santhe,0.2,10
Malawi,child_iron,Neno,TA Symon,0.2857142857142857,7
Malawi,child_iron,Nkhata Bay,TA Timbiri,0.04738070439724639,32
Malawi,child_iron,Mchinji,TA Zulu,0.16666666666666669,12
Malawi,women_iron,Blantyre,Blantyre City,0.09912225249890921,10
Malawi,women_iron,Chitipa,Chitipa Boma,0.6666666666666666,3
Malawi,women_iron,Mwanza,Majete Game Reserve - Mwanza,0.09090909090909091,11
Malawi,women_iron,Mzimba,Mzimba Boma,0.125,8
Malawi,women_iron,Mzimba,Mzuzu City,0.4853317119229631,12
Malawi,women_iron,Nkhotakota,Nkhotakota Boma,0.16666666666666669,6
Malawi,women_iron,Chitipa,Nyika N.P. - Chitipa,0.3333333333333333,3
Malawi,women_iron,Rumphi,Rumphi Boma,0.16816612325077462,16
Malawi,women_iron,Rumphi,SC Chapinduka,0,8
Malawi,women_iron,Ntchisi,SC Chilooko,0,7
Malawi,women_iron,Mangochi,SC Chowe,0,8
Malawi,women_iron,Mchinji,SC Dambe,0.08333333333333333,12
Malawi,women_iron,Ntcheu,SC Goodson Ganya,0.2,10
Malawi,women_iron,Mulanje,SC Juma,0.3333333333333333,3
Malawi,women_iron,Rumphi,SC Kachulu,0.5,6
Malawi,women_iron,Salima,SC Kambwiri,0,6
Malawi,women_iron,Kasungu,SC Kawamba,0,7
Malawi,women_iron,Dowa,SC Kayembe,0,6
Malawi,women_iron,Ntcheu,SC Makwangwala,0.09090909090909091,11
Malawi,women_iron,Nkhata Bay,SC Malanda,0.2,5
Malawi,women_iron,Thyolo,SC Mbawela,0.30000000000000004,10
Malawi,women_iron,Zomba,SC Mbiza,0,7
Malawi,women_iron,Mchinji,SC Mduwa,0,6
Malawi,women_iron,Dowa,SC Mkukula,0.18181818181818182,11
Malawi,women_iron,Dowa,SC Mponela,0.2222222222222222,9
Malawi,women_iron,Rumphi,SC Mwankhunikira,0.3333333333333333,6
Malawi,women_iron,Ntchisi,SC Nthondo,0,8
Malawi,women_iron,Thyolo,TA Bvumbwe,0.06666666666666667,15
Malawi,women_iron,Rumphi,TA Chikulamayembe,0.268899842821955,15
Malawi,women_iron,Mzimba,TA Chindi,0.2718850856523741,16
Malawi,women_iron,Dowa,TA Dzoole,0.25,8
Malawi,women_iron,Nkhata Bay,TA Fukamapiri,0,4
Malawi,women_iron,Nkhata Bay,TA Kabunduli,0,5
Malawi,women_iron,Balaka,TA Kalembo,0,4
Malawi,women_iron,Kasungu,TA Kaluluma,0.1,10
Malawi,women_iron,Ntchisi,TA Kalumo,0,4
Malawi,women_iron,Nkhotakota,TA Kanyenda,0,7
Malawi,women_iron,Salima,TA Karonga,0.2857142857142857,7
Malawi,women_iron,Chikwawa,TA Kasisi,0,6
Malawi,women_iron,Machinga,TA Kawinga,0.25,8
Malawi,women_iron,Salima,TA Khombedza,0,3
Malawi,women_iron,Blantyre,TA Kuntaja,0.5,2
Malawi,women_iron,Chikwawa,TA Lundu,0.30000000000000004,20
Malawi,women_iron,Mzimba,TA M'Mbelwa,0.375,8
Malawi,women_iron,Mulanje,TA Mabuka,0.13307478334627054,21
Malawi,women_iron,Mzimba,TA Mabulabo,0,5
Malawi,women_iron,Salima,TA Maganga,0.30000000000000004,10
Malawi,women_iron,Zomba,TA Malemia,0.4492518736708915,22
Malawi,women_iron,Nkhotakota,TA Malenga Chanzi,0.3333333333333333,6
Malawi,women_iron,Phalombe,TA Mkhumba,0.14394189850259512,24
Malawi,women_iron,Mchinji,TA Mlonyeni,0.1111111111111111,9
Malawi,women_iron,Mangochi,TA Mponda,0.8,5
Malawi,women_iron,Mzimba,TA Mtwalo,0.5454545454545454,11
Malawi,women_iron,Nkhata Bay,TA Musisya,0,4
Malawi,women_iron,Chitipa,TA Mwabulambya,0.2857142857142857,14
Malawi,women_iron,Nkhotakota,TA Mwadzama,0.2222222222222222,9
Malawi,women_iron,Kasungu,TA Mwase,0.16666666666666666,6
Malawi,women_iron,Chitipa,TA Mwenemisuku,0.08013515018883655,12
Malawi,women_iron,Chitipa,TA Mwenewenya,0,7
Malawi,women_iron,Mangochi,TA Nankumba,0.2727272727272727,11
Malawi,women_iron,Thyolo,TA Nchilamwela,0,2
Malawi,women_iron,Neno,TA Ngozi,0.10671219967542589,15
Malawi,women_iron,Ntcheu,TA Njolomole,0.1111111111111111,9
Malawi,women_iron,Balaka,TA Nsamala,0.4,5
Malawi,women_iron,Mwanza,TA Nthache,0.2222222222222222,9
Malawi,women_iron,Ntcheu,TA Phambala,0,10
Malawi,women_iron,Kasungu,TA Santhe,0.125,8
Malawi,women_iron,Neno,TA Symon,0.375,8
Malawi,women_iron,Nkhata Bay,TA Timbiri,0.14708513060543446,25
Malawi,women_iron,Mchinji,TA Zulu,0.125,8
Malawi,women_folate,Blantyre,Blantyre City,0.3042383438667168,13
Malawi,women_folate,Chitipa,Chitipa Boma,0,3
Malawi,women_folate,Mwanza,Majete Game Reserve - Mwanza,0,11
Malawi,women_folate,Mzimba,Mzimba Boma,0,8
Malawi,women_folate,Mzimba,Mzuzu City,0.44103169414644205,13
Malawi,women_folate,Nkhotakota,Nkhotakota Boma,0.6666666666666667,6
Malawi,women_folate,Chitipa,Nyika N.P. - Chitipa,0.25,4
Malawi,women_folate,Rumphi,Rumphi Boma,0.4032532313652804,17
Malawi,women_folate,Rumphi,SC Chapinduka,0.5,8
Malawi,women_folate,Ntchisi,SC Chilooko,0,7
Malawi,women_folate,Mangochi,SC Chowe,0,8
Malawi,women_folate,Mchinji,SC Dambe,0.08333333333333333,12
Malawi,women_folate,Ntcheu,SC Goodson Ganya,0,11
Malawi,women_folate,Mulanje,SC Juma,0.4,5
Malawi,women_folate,Rumphi,SC Kachulu,0,6
Malawi,women_folate,Salima,SC Kambwiri,0.3333333333333333,6
Malawi,women_folate,Kasungu,SC Kawamba,0.11111111111111112,9
Malawi,women_folate,Dowa,SC Kayembe,0,7
Malawi,women_folate,Ntcheu,SC Makwangwala,0.18181818181818182,11
Malawi,women_folate,Nkhata Bay,SC Malanda,0.2,5
Malawi,women_folate,Thyolo,SC Mbawela,0.15384615384615385,13
Malawi,women_folate,Zomba,SC Mbiza,0.125,8
Malawi,women_folate,Mchinji,SC Mduwa,0.16666666666666666,6
Malawi,women_folate,Dowa,SC Mkukula,0.09090909090909091,11
Malawi,women_folate,Dowa,SC Mponela,0,9
Malawi,women_folate,Rumphi,SC Mwankhunikira,0.14285714285714285,7
Malawi,women_folate,Ntchisi,SC Nthondo,0,8
Malawi,women_folate,Thyolo,TA Bvumbwe,0.3125,16
Malawi,women_folate,Rumphi,TA Chikulamayembe,0.531100157178045,15
Malawi,women_folate,Mzimba,TA Chindi,0,17
Malawi,women_folate,Dowa,TA Dzoole,0.375,8
Malawi,women_folate,Nkhata Bay,TA Fukamapiri,0,5
Malawi,women_folate,Nkhata Bay,TA Kabunduli,0,6
Malawi,women_folate,Balaka,TA Kalembo,0,5
Malawi,women_folate,Kasungu,TA Kaluluma,0,10
Malawi,women_folate,Ntchisi,TA Kalumo,0,8
Malawi,women_folate,Nkhotakota,TA Kanyenda,0.625,8
Malawi,women_folate,Salima,TA Karonga,1,6
Malawi,women_folate,Chikwawa,TA Kasisi,0.42857142857142855,7
Malawi,women_folate,Machinga,TA Kawinga,0,8
Malawi,women_folate,Salima,TA Khombedza,0.3333333333333333,3
Malawi,women_folate,Blantyre,TA Kuntaja,0,2
Malawi,women_folate,Chikwawa,TA Lundu,0.6666666666666666,18
Malawi,women_folate,Mzimba,TA M'Mbelwa,0.125,8
Malawi,women_folate,Mulanje,TA Mabuka,0.17239048555191044,22
Malawi,women_folate,Mzimba,TA Mabulabo,0,6
Malawi,women_folate,Salima,TA Maganga,0.5,10
Malawi,women_folate,Zomba,TA Malemia,0,22
Malawi,women_folate,Nkhotakota,TA Malenga Chanzi,0.3333333333333333,6
Malawi,women_folate,Phalombe,TA Mkhumba,0.14926167548272914,24
Malawi,women_folate,Mchinji,TA Mlonyeni,0,9
Malawi,women_folate,Mangochi,TA Mponda,0.2,5
Malawi,women_folate,Mzimba,TA Mtwalo,0.25,12
Malawi,women_folate,Nkhata Bay,TA Musisya,0.5,4
Malawi,women_folate,Chitipa,TA Mwabulambya,0,15
Malawi,women_folate,Nkhotakota,TA Mwadzama,0.4444444444444444,9
Malawi,women_folate,Kasungu,TA Mwase,0.14285714285714285,7
Malawi,women_folate,Chitipa,TA Mwenemisuku,0,13
Malawi,women_folate,Chitipa,TA Mwenewenya,0,7
Malawi,women_folate,Mangochi,TA Nankumba,0.5454545454545454,11
Malawi,women_folate,Thyolo,TA Nchilamwela,0.5,2
Malawi,women_folate,Neno,TA Ngozi,0.11331056682895371,15
Malawi,women_folate,Ntcheu,TA Njolomole,0.1111111111111111,9
Malawi,women_folate,Balaka,TA Nsamala,0,6
Malawi,women_folate,Mwanza,TA Nthache,0.2,10
Malawi,women_folate,Ntcheu,TA Phambala,0.36363636363636365,11
Malawi,women_folate,Kasungu,TA Santhe,0,9
Malawi,women_folate,Neno,TA Symon,0.4444444444444444,9
Malawi,women_folate,Nkhata Bay,TA Timbiri,0.14543972545638245,24
Malawi,women_folate,Mchinji,TA Zulu,0,8
Malawi,women_b12,Blantyre,Blantyre City,0,13
Malawi,women_b12,Chitipa,Chitipa Boma,0,3
Malawi,women_b12,Mwanza,Majete Game Reserve - Mwanza,0.18181818181818182,11
Malawi,women_b12,Mzimba,Mzimba Boma,0,8
Malawi,women_b12,Mzimba,Mzuzu City,0,13
Malawi,women_b12,Nkhotakota,Nkhotakota Boma,0,6
Malawi,women_b12,Chitipa,Nyika N.P. - Chitipa,0,4
Malawi,women_b12,Rumphi,Rumphi Boma,0,18
Malawi,women_b12,Rumphi,SC Chapinduka,0,8
Malawi,women_b12,Ntchisi,SC Chilooko,0,7
Malawi,women_b12,Mangochi,SC Chowe,0,8
Malawi,women_b12,Mchinji,SC Dambe,0,12
Malawi,women_b12,Ntcheu,SC Goodson Ganya,0,11
Malawi,women_b12,Mulanje,SC Juma,0,5
Malawi,women_b12,Rumphi,SC Kachulu,0,6
Malawi,women_b12,Salima,SC Kambwiri,0,6
Malawi,women_b12,Kasungu,SC Kawamba,0.22222222222222224,9
Malawi,women_b12,Dowa,SC Kayembe,0,7
Malawi,women_b12,Ntcheu,SC Makwangwala,0,11
Malawi,women_b12,Nkhata Bay,SC Malanda,0,5
Malawi,women_b12,Thyolo,SC Mbawela,0,13
Malawi,women_b12,Zomba,SC Mbiza,0,8
Malawi,women_b12,Mchinji,SC Mduwa,0.16666666666666666,6
Malawi,women_b12,Dowa,SC Mkukula,0.09090909090909091,11
Malawi,women_b12,Dowa,SC Mponela,0,9
Malawi,women_b12,Rumphi,SC Mwankhunikira,0,7
Malawi,women_b12,Ntchisi,SC Nthondo,0.25,8
Malawi,women_b12,Thyolo,TA Bvumbwe,0,16
Malawi,women_b12,Rumphi,TA Chikulamayembe,0,15
Malawi,women_b12,Mzimba,TA Chindi,0.044055821009819834,17
Malawi,women_b12,Dowa,TA Dzoole,0.125,8
Malawi,women_b12,Nkhata Bay,TA Fukamapiri,0,5
Malawi,women_b12,Nkhata Bay,TA Kabunduli,0,6
Malawi,women_b12,Balaka,TA Kalembo,0,5
Malawi,women_b12,Kasungu,TA Kaluluma,0.1,10
Malawi,women_b12,Ntchisi,TA Kalumo,0.125,8
Malawi,women_b12,Nkhotakota,TA Kanyenda,0,9
Malawi,women_b12,Salima,TA Karonga,0,7
Malawi,women_b12,Chikwawa,TA Kasisi,0.14285714285714285,7
Malawi,women_b12,Machinga,TA Kawinga,0,8
Malawi,women_b12,Salima,TA Khombedza,0,3
Malawi,women_b12,Blantyre,TA Kuntaja,0,2
Malawi,women_b12,Chikwawa,TA Lundu,0,20
Malawi,women_b12,Mzimba,TA M'Mbelwa,0.125,8
Malawi,women_b12,Mulanje,TA Mabuka,0,22
Malawi,women_b12,Mzimba,TA Mabulabo,0.16666666666666669,6
Malawi,women_b12,Salima,TA Maganga,0,11
Malawi,women_b12,Zomba,TA Malemia,0,22
Malawi,women_b12,Nkhotakota,TA Malenga Chanzi,0,6
Malawi,women_b12,Phalombe,TA Mkhumba,0,25
Malawi,women_b12,Mchinji,TA Mlonyeni,0.1111111111111111,9
Malawi,women_b12,Mangochi,TA Mponda,0,5
Malawi,women_b12,Mzimba,TA Mtwalo,0,12
Malawi,women_b12,Nkhata Bay,TA Musisya,0,4
Malawi,women_b12,Chitipa,TA Mwabulambya,0.06666666666666667,15
Malawi,women_b12,Nkhotakota,TA Mwadzama,0,9
Malawi,women_b12,Kasungu,TA Mwase,0,7
Malawi,women_b12,Chitipa,TA Mwenemisuku,0,13
Malawi,women_b12,Chitipa,TA Mwenewenya,0.14285714285714285,7
Malawi,women_b12,Mangochi,TA Nankumba,0,11
Malawi,women_b12,Thyolo,TA Nchilamwela,0,2
Malawi,women_b12,Neno,TA Ngozi,0.10671219967542589,15
Malawi,women_b12,Ntcheu,TA Njolomole,0,9
Malawi,women_b12,Balaka,TA Nsamala,0,6
Malawi,women_b12,Mwanza,TA Nthache,0.1,10
Malawi,women_b12,Ntcheu,TA Phambala,0,11
Malawi,women_b12,Kasungu,TA Santhe,0,9
Malawi,women_b12,Neno,TA Symon,0,9
Malawi,women_b12,Nkhata Bay,TA Timbiri,0,26
Malawi,women_b12,Mchinji,TA Zulu,0,8
Malawi,child_zinc,Blantyre,Blantyre City,0.550142640185422,9
Malawi,child_zinc,Chitipa,Chitipa Boma,0.6000000000000001,5
Malawi,child_zinc,Mwanza,Majete Game Reserve - Mwanza,0.6000000000000001,10
Malawi,child_zinc,Mzimba,Mzimba Boma,0.6666666666666667,6
Malawi,child_zinc,Mzimba,Mzuzu City,0.4519835344925019,10
Malawi,child_zinc,Nkhotakota,Nkhotakota Boma,1,6
Malawi,child_zinc,Chitipa,Nyika N.P. - Chitipa,0.8,10
Malawi,child_zinc,Rumphi,Rumphi Boma,0.34712663761110196,17
Malawi,child_zinc,Rumphi,SC Chapinduka,0.18181818181818182,11
Malawi,child_zinc,Ntchisi,SC Chilooko,0.8,10
Malawi,child_zinc,Mangochi,SC Chowe,0.8999999999999999,10
Malawi,child_zinc,Mchinji,SC Dambe,0.8571428571428571,21
Malawi,child_zinc,Ntcheu,SC Goodson Ganya,0.5833333333333333,12
Malawi,child_zinc,Mulanje,SC Juma,0.9285714285714285,14
Malawi,child_zinc,Rumphi,SC Kachulu,0.3333333333333333,9
Malawi,child_zinc,Salima,SC Kambwiri,0,13
Malawi,child_zinc,Kasungu,SC Kawamba,0.5714285714285714,14
Malawi,child_zinc,Dowa,SC Kayembe,0.125,8
Malawi,child_zinc,Ntcheu,SC Makwangwala,0.3333333333333333,12
Malawi,child_zinc,Nkhata Bay,SC Malanda,0.42857142857142855,7
Malawi,child_zinc,Thyolo,SC Mbawela,0.2,10
Malawi,child_zinc,Zomba,SC Mbiza,0.5714285714285714,14
Malawi,child_zinc,Mchinji,SC Mduwa,0.7142857142857142,14
Malawi,child_zinc,Dowa,SC Mkukula,0.5555555555555556,9
Malawi,child_zinc,Dowa,SC Mponela,0.7142857142857142,7
Malawi,child_zinc,Rumphi,SC Mwankhunikira,0.2,5
Malawi,child_zinc,Ntchisi,SC Nthondo,0.7058823529411764,17
Malawi,child_zinc,Thyolo,TA Bvumbwe,0.7272727272727273,11
Malawi,child_zinc,Rumphi,TA Chikulamayembe,0.38047104240707147,27
Malawi,child_zinc,Mzimba,TA Chindi,0.48344161185798534,25
Malawi,child_zinc,Dowa,TA Dzoole,0.3333333333333333,3
Malawi,child_zinc,Nkhata Bay,TA Fukamapiri,0.75,12
Malawi,child_zinc,Nkhata Bay,TA Kabunduli,0.8181818181818182,11
Malawi,child_zinc,Balaka,TA Kalembo,0.8571428571428571,7
Malawi,child_zinc,Kasungu,TA Kaluluma,0.375,8
Malawi,child_zinc,Ntchisi,TA Kalumo,0.9166666666666666,12
Malawi,child_zinc,Nkhotakota,TA Kanyenda,0.6666666666666666,15
Malawi,child_zinc,Salima,TA Karonga,0.7142857142857142,7
Malawi,child_zinc,Chikwawa,TA Kasisi,0.7000000000000001,10
Malawi,child_zinc,Machinga,TA Kawinga,0.38888888888888884,18
Malawi,child_zinc,Salima,TA Khombedza,0.6363636363636362,11
Malawi,child_zinc,Blantyre,TA Kuntaja,1,1
Malawi,child_zinc,Chikwawa,TA Lundu,0.25,16
Malawi,child_zinc,Mzimba,TA M'Mbelwa,0.3333333333333333,18
Malawi,child_zinc,Mulanje,TA Mabuka,0.5416891922995619,18
Malawi,child_zinc,Mzimba,TA Mabulabo,0.8888888888888888,18
Malawi,child_zinc,Salima,TA Maganga,0.4545454545454546,11
Malawi,child_zinc,Zomba,TA Malemia,0.8685074244759836,46
Malawi,child_zinc,Nkhotakota,TA Malenga Chanzi,0.6666666666666666,9
Malawi,child_zinc,Phalombe,TA Mkhumba,0.6884786999489514,34
Malawi,child_zinc,Mchinji,TA Mlonyeni,0.4545454545454546,11
Malawi,child_zinc,Mangochi,TA Mponda,0.8571428571428571,7
Malawi,child_zinc,Mzimba,TA Mtwalo,0.14285714285714285,14
Malawi,child_zinc,Nkhata Bay,TA Musisya,0.38461538461538464,13
Malawi,child_zinc,Chitipa,TA Mwabulambya,0.42857142857142855,7
Malawi,child_zinc,Nkhotakota,TA Mwadzama,0.5789473684210527,19
Malawi,child_zinc,Kasungu,TA Mwase,0.6666666666666666,9
Malawi,child_zinc,Chitipa,TA Mwenemisuku,0.5106659493893377,16
Malawi,child_zinc,Chitipa,TA Mwenewenya,0.6666666666666666,15
Malawi,child_zinc,Mangochi,TA Nankumba,0.3125,16
Malawi,child_zinc,Thyolo,TA Nchilamwela,0,1
Malawi,child_zinc,Neno,TA Ngozi,0.759033088809115,17
Malawi,child_zinc,Ntcheu,TA Njolomole,0.06666666666666667,15
Malawi,child_zinc,Balaka,TA Nsamala,0.8333333333333333,6
Malawi,child_zinc,Mwanza,TA Nthache,0.5,6
Malawi,child_zinc,Ntcheu,TA Phambala,0.7692307692307693,13
Malawi,child_zinc,Kasungu,TA Santhe,0.4,10
Malawi,child_zinc,Neno,TA Symon,0.42857142857142855,7
Malawi,child_zinc,Nkhata Bay,TA Timbiri,0.7725744511840011,32
Malawi,child_zinc,Mchinji,TA Zulu,0.7272727272727273,11
Malawi,women_zinc,Blantyre,Blantyre City,0.9216953375466868,13
Malawi,women_zinc,Chitipa,Chitipa Boma,1,3
Malawi,women_zinc,Mwanza,Majete Game Reserve - Mwanza,1,11
Malawi,women_zinc,Mzimba,Mzimba Boma,0.625,8
Malawi,women_zinc,Mzimba,Mzuzu City,0.7528253553171537,13
Malawi,women_zinc,Nkhotakota,Nkhotakota Boma,0.33333333333333337,6
Malawi,women_zinc,Chitipa,Nyika N.P. - Chitipa,1,4
Malawi,women_zinc,Rumphi,Rumphi Boma,0.4489856136901428,19
Malawi,women_zinc,Rumphi,SC Chapinduka,0.25,8
Malawi,women_zinc,Ntchisi,SC Chilooko,0.7142857142857142,7
Malawi,women_zinc,Mangochi,SC Chowe,0.375,8
Malawi,women_zinc,Mchinji,SC Dambe,1,12
Malawi,women_zinc,Ntcheu,SC Goodson Ganya,0.7272727272727273,11
Malawi,women_zinc,Mulanje,SC Juma,0.8,5
Malawi,women_zinc,Rumphi,SC Kachulu,0.3333333333333333,6
Malawi,women_zinc,Salima,SC Kambwiri,0.16666666666666666,6
Malawi,women_zinc,Kasungu,SC Kawamba,0.5555555555555556,9
Malawi,women_zinc,Dowa,SC Kayembe,0.42857142857142855,7
Malawi,women_zinc,Ntcheu,SC Makwangwala,0.6363636363636364,11
Malawi,women_zinc,Nkhata Bay,SC Malanda,0.4,5
Malawi,women_zinc,Thyolo,SC Mbawela,0.38461538461538464,13
Malawi,women_zinc,Zomba,SC Mbiza,0.625,8
Malawi,women_zinc,Mchinji,SC Mduwa,0.5,6
Malawi,women_zinc,Dowa,SC Mkukula,0.2727272727272727,11
Malawi,women_zinc,Dowa,SC Mponela,0.8,10
Malawi,women_zinc,Rumphi,SC Mwankhunikira,0.14285714285714285,7
Malawi,women_zinc,Ntchisi,SC Nthondo,0.75,8
Malawi,women_zinc,Thyolo,TA Bvumbwe,0.8125,16
Malawi,women_zinc,Rumphi,TA Chikulamayembe,0.33779968564391,15
Malawi,women_zinc,Mzimba,TA Chindi,0.8399379766557558,17
Malawi,women_zinc,Dowa,TA Dzoole,0.125,8
Malawi,women_zinc,Nkhata Bay,TA Fukamapiri,1,5
Malawi,women_zinc,Nkhata Bay,TA Kabunduli,1,3
Malawi,women_zinc,Balaka,TA Kalembo,0.8,5
Malawi,women_zinc,Kasungu,TA Kaluluma,0.4,10
Malawi,women_zinc,Ntchisi,TA Kalumo,1,8
Malawi,women_zinc,Nkhotakota,TA Kanyenda,0.4444444444444444,9
Malawi,women_zinc,Salima,TA Karonga,0.5714285714285714,7
Malawi,women_zinc,Chikwawa,TA Kasisi,0.8571428571428571,7
Malawi,women_zinc,Machinga,TA Kawinga,0.75,8
Malawi,women_zinc,Salima,TA Khombedza,1,3
Malawi,women_zinc,Blantyre,TA Kuntaja,1,2
Malawi,women_zinc,Chikwawa,TA Lundu,0.30000000000000004,20
Malawi,women_zinc,Mzimba,TA M'Mbelwa,0.375,8
Malawi,women_zinc,Mulanje,TA Mabuka,0.47313864098117414,22
Malawi,women_zinc,Mzimba,TA Mabulabo,1,6
Malawi,women_zinc,Salima,TA Maganga,0.36363636363636365,11
Malawi,women_zinc,Zomba,TA Malemia,0.8188435157911386,22
Malawi,women_zinc,Nkhotakota,TA Malenga Chanzi,0.5,8
Malawi,women_zinc,Phalombe,TA Mkhumba,0.8138576152993316,25
Malawi,women_zinc,Mchinji,TA Mlonyeni,0.7777777777777777,9
Malawi,women_zinc,Mangochi,TA Mponda,0.6000000000000001,5
Malawi,women_zinc,Mzimba,TA Mtwalo,0.16666666666666666,12
Malawi,women_zinc,Nkhata Bay,TA Musisya,1,4
Malawi,women_zinc,Chitipa,TA Mwabulambya,0.6875,16
Malawi,women_zinc,Nkhotakota,TA Mwadzama,0.5,10
Malawi,women_zinc,Kasungu,TA Mwase,0.5714285714285714,7
Malawi,women_zinc,Chitipa,TA Mwenemisuku,0.5459776950312434,13
Malawi,women_zinc,Chitipa,TA Mwenewenya,0.7142857142857142,7
Malawi,women_zinc,Mangochi,TA Nankumba,0.36363636363636365,11
Malawi,women_zinc,Thyolo,TA Nchilamwela,1,2
Malawi,women_zinc,Neno,TA Ngozi,0.8800910660175184,15
Malawi,women_zinc,Ntcheu,TA Njolomole,0.3333333333333333,9
Malawi,women_zinc,Balaka,TA Nsamala,0.8333333333333333,6
Malawi,women_zinc,Mwanza,TA Nthache,0.8,10
Malawi,women_zinc,Ntcheu,TA Phambala,0.6363636363636364,11
Malawi,women_zinc,Kasungu,TA Santhe,0.5,10
Malawi,women_zinc,Neno,TA Symon,0.4444444444444444,9
Malawi,women_zinc,Nkhata Bay,TA Timbiri,0.5656843661040556,26
Malawi,women_zinc,Mchinji,TA Zulu,0.375,8
