"n_test","r_max","pearson","spearman","rmse_pp","pattern_rmse_pp","level_bias_pp","calib","outcome","held_out","variant","anchor"
30,0.698,-0.055,-0.024,15.82,13.4,-8.41,-0.52,"child_vitA","gambia","PROD enet30","train_mean"
30,0.698,-0.058,-0.024,13.65,13.61,1.14,-0.32,"child_vitA","gambia","PROD enet30","oracle_national"
30,0.698,0.457,0.474,15.76,12.86,-9.11,6.61,"child_vitA","gambia","PROD ridge_all","train_mean"
30,0.698,0.454,0.474,12.62,12.58,1.09,3.55,"child_vitA","gambia","PROD ridge_all","oracle_national"
30,0.698,0.473,0.554,13.41,13.15,-2.64,26.51,"child_vitA","gambia","spatial_tps","train_mean"
30,0.698,0.473,0.554,13.17,13.13,1.03,22.58,"child_vitA","gambia","spatial_tps","oracle_national"
30,0.698,0.06,0.133,14.83,13.49,-6.14,0.23,"child_vitA","gambia","spatial + decorr20","train_mean"
30,0.698,0.064,0.133,13.92,13.84,1.43,0.17,"child_vitA","gambia","spatial + decorr20","oracle_national"
30,0.698,0.012,0.07,18.48,13.26,-12.87,0.3,"child_vitA","gambia","centered_own enet30","train_mean"
30,0.698,0.016,0.07,14.32,13.35,5.19,0.12,"child_vitA","gambia","centered_own enet30","oracle_national"
30,0.698,0.281,0.387,18.33,13.03,-12.89,4.08,"child_vitA","gambia","centered_own ridge_all","train_mean"
30,0.698,0.277,0.387,13.71,12.75,5.04,1.2,"child_vitA","gambia","centered_own ridge_all","oracle_national"
30,0.698,0.158,0.167,18.36,13.1,-12.86,1.25,"child_vitA","gambia","centered_own decorr20","train_mean"
30,0.698,0.164,0.167,14.39,13.51,4.94,0.39,"child_vitA","gambia","centered_own decorr20","oracle_national"
30,0.698,0.571,0.678,14.98,10.96,-10.21,0.85,"child_vitA","gambia","zscore ridge_all","train_mean"
30,0.698,0.618,0.678,19.41,17.33,8.75,0.37,"child_vitA","gambia","zscore ridge_all","oracle_national"
30,0.698,0.608,0.619,14.91,10.54,-10.54,0.94,"child_vitA","gambia","zscore screen30","train_mean"
30,0.698,0.619,0.619,18.43,16.59,8.04,0.39,"child_vitA","gambia","zscore screen30","oracle_national"
30,0.698,0.67,0.595,14.64,9.84,-10.84,1.02,"child_vitA","gambia","zscore decorr20","train_mean"
30,0.698,0.657,0.595,16.26,14.3,7.75,0.46,"child_vitA","gambia","zscore decorr20","oracle_national"
30,0.698,0.569,0.656,15.5,11.02,-10.89,1.28,"child_vitA","gambia","zscore curated16","train_mean"
30,0.698,0.572,0.656,18,15.5,9.14,0.41,"child_vitA","gambia","zscore curated16","oracle_national"
75,0.326,0.435,0.43,13.5,10.67,-8.27,2.22,"child_vitA","ghana","PROD enet30","train_mean"
75,0.326,0.44,0.43,10.55,10.32,2.19,0.86,"child_vitA","ghana","PROD enet30","oracle_national"
75,0.326,0.09,0.197,20.78,20.68,2.12,0.06,"child_vitA","ghana","PROD ridge_all","train_mean"
75,0.326,0.082,0.197,20.94,20.91,-1.1,0.05,"child_vitA","ghana","PROD ridge_all","oracle_national"
75,0.326,0.351,0.294,17.26,11.9,12.51,0.44,"child_vitA","ghana","spatial_tps","train_mean"
75,0.326,0.352,0.294,11.26,11,2.37,0.62,"child_vitA","ghana","spatial_tps","oracle_national"
75,0.326,-0.038,0.139,35.27,34.66,6.56,-0.01,"child_vitA","ghana","spatial + decorr20","train_mean"
75,0.326,-0.047,0.139,32.98,32.98,0.59,-0.02,"child_vitA","ghana","spatial + decorr20","oracle_national"
75,0.326,0.266,0.245,13.1,11.04,-7.04,0.92,"child_vitA","ghana","centered_own enet30","train_mean"
75,0.326,0.271,0.245,13.37,12.17,5.54,0.38,"child_vitA","ghana","centered_own enet30","oracle_national"
75,0.326,0.073,0.215,22.5,21.31,-7.22,0.04,"child_vitA","ghana","centered_own ridge_all","train_mean"
75,0.326,0.087,0.215,21.08,21,-1.87,0.05,"child_vitA","ghana","centered_own ridge_all","oracle_national"
75,0.326,0.22,0.211,13.49,11.2,-7.53,1.4,"child_vitA","ghana","centered_own decorr20","train_mean"
75,0.326,0.223,0.211,12.29,11.37,4.66,0.54,"child_vitA","ghana","centered_own decorr20","oracle_national"
75,0.326,0.242,0.185,13.85,12.87,-5.12,0.3,"child_vitA","ghana","zscore ridge_all","train_mean"
75,0.326,0.258,0.185,25.77,23.31,10.98,0.13,"child_vitA","ghana","zscore ridge_all","oracle_national"
75,0.326,-0.005,0.129,15.76,14.96,-4.98,-0.01,"child_vitA","ghana","zscore screen30","train_mean"
75,0.326,0.058,0.129,28.78,26.57,11.07,0.03,"child_vitA","ghana","zscore screen30","oracle_national"
75,0.326,0.162,0.314,17.07,16.38,-4.8,0.14,"child_vitA","ghana","zscore decorr20","train_mean"
75,0.326,0.189,0.314,25.38,24.09,7.96,0.09,"child_vitA","ghana","zscore decorr20","oracle_national"
75,0.326,NA,NA,14.44,11.45,-8.79,NA,"child_vitA","ghana","zscore curated16","train_mean"
75,0.326,NA,NA,11.54,11.45,1.4,NA,"child_vitA","ghana","zscore curated16","oracle_national"
14,0,-0.022,-0.033,6.83,6.03,-3.21,-0.06,"child_vitA","sierraleone","PROD enet30","train_mean"
14,0,-0.024,-0.033,6.6,6.47,1.33,-0.04,"child_vitA","sierraleone","PROD enet30","oracle_national"
14,0,-0.026,0.116,6.5,5.76,-3.01,-0.13,"child_vitA","sierraleone","PROD ridge_all","train_mean"
14,0,-0.024,0.116,5.96,5.87,1.05,-0.09,"child_vitA","sierraleone","PROD ridge_all","oracle_national"
14,0,0.156,0.147,6.45,5.59,-3.22,0.62,"child_vitA","sierraleone","spatial_tps","train_mean"
14,0,0.156,0.147,5.79,5.69,1.11,0.42,"child_vitA","sierraleone","spatial_tps","oracle_national"
14,0,-0.188,-0.248,14.07,10.45,9.43,-0.14,"child_vitA","sierraleone","spatial + decorr20","train_mean"
14,0,-0.188,-0.248,8.82,8.51,2.35,-0.2,"child_vitA","sierraleone","spatial + decorr20","oracle_national"
14,0,0.061,0.011,7.19,5.67,-4.42,0.32,"child_vitA","sierraleone","centered_own enet30","train_mean"
14,0,0.062,0.011,7.42,5.93,4.46,0.16,"child_vitA","sierraleone","centered_own enet30","oracle_national"
14,0,0.004,-0.002,7.38,5.84,-4.51,0.02,"child_vitA","sierraleone","centered_own ridge_all","train_mean"
14,0,-0.002,-0.002,7.83,6.58,4.24,0,"child_vitA","sierraleone","centered_own ridge_all","oracle_national"
14,0,0.073,0.178,7.31,6.03,-4.14,0.16,"child_vitA","sierraleone","centered_own decorr20","train_mean"
14,0,0.061,0.178,9.03,7.6,4.89,0.06,"child_vitA","sierraleone","centered_own decorr20","oracle_national"
14,0,0.009,0.429,19.07,19.06,0.7,0,"child_vitA","sierraleone","zscore ridge_all","train_mean"
14,0,0.131,0.429,10.22,9.83,2.78,0.08,"child_vitA","sierraleone","zscore ridge_all","oracle_national"
14,0,0.058,0.2,12.63,12.63,-0.17,0.03,"child_vitA","sierraleone","zscore screen30","train_mean"
14,0,0.121,0.2,9.09,8.68,2.71,0.09,"child_vitA","sierraleone","zscore screen30","oracle_national"
14,0,-0.036,-0.033,14.19,14.18,-0.61,-0.02,"child_vitA","sierraleone","zscore decorr20","train_mean"
14,0,0.008,-0.033,9.47,9.09,2.64,0.01,"child_vitA","sierraleone","zscore decorr20","oracle_national"
14,0,0.009,-0.081,16.22,16.21,0.57,0,"child_vitA","sierraleone","zscore curated16","train_mean"
14,0,-0.027,-0.081,10.45,10.08,2.77,-0.02,"child_vitA","sierraleone","zscore curated16","oracle_national"
97,0.429,-0.207,-0.017,12.78,11.16,-6.23,-1.17,"child_vitA","malawi","PROD enet30","train_mean"
97,0.429,-0.201,-0.017,21.01,19.44,7.97,-0.15,"child_vitA","malawi","PROD enet30","oracle_national"
97,0.429,-0.126,0.038,11.19,11.17,-0.7,-0.56,"child_vitA","malawi","PROD ridge_all","train_mean"
97,0.429,-0.125,0.038,11.25,11.25,0.12,-0.51,"child_vitA","malawi","PROD ridge_all","oracle_national"
97,0.429,-0.113,-0.023,11.35,11,-2.79,-0.63,"child_vitA","malawi","spatial_tps","train_mean"
97,0.429,-0.112,-0.023,11.29,11.29,0.08,-0.42,"child_vitA","malawi","spatial_tps","oracle_national"
97,0.429,0.011,0.171,12.57,10.73,-6.54,0.07,"child_vitA","malawi","spatial + decorr20","train_mean"
97,0.429,0.045,0.171,14.16,13.9,2.69,0.05,"child_vitA","malawi","spatial + decorr20","oracle_national"
97,0.429,-0.17,0.004,25.38,23.77,8.9,-0.09,"child_vitA","malawi","centered_own enet30","train_mean"
97,0.429,-0.171,0.004,24.84,23.42,8.28,-0.09,"child_vitA","malawi","centered_own enet30","oracle_national"
97,0.429,-0.103,0.057,18.05,16.68,6.91,-0.09,"child_vitA","malawi","centered_own ridge_all","train_mean"
97,0.429,-0.104,0.057,17.49,16.34,6.22,-0.1,"child_vitA","malawi","centered_own ridge_all","oracle_national"
97,0.429,0.218,-0.039,10.72,10.37,2.7,1.24,"child_vitA","malawi","centered_own decorr20","train_mean"
97,0.429,0.219,-0.039,10.59,10.38,2.12,1.3,"child_vitA","malawi","centered_own decorr20","oracle_national"
97,0.429,0.27,0.221,14.81,13.97,4.93,0.23,"child_vitA","malawi","zscore ridge_all","train_mean"
97,0.429,0.265,0.221,18.96,17.54,7.19,0.17,"child_vitA","malawi","zscore ridge_all","oracle_national"
97,0.429,-0.086,0.09,19.63,18.87,5.42,-0.06,"child_vitA","malawi","zscore screen30","train_mean"
97,0.429,-0.091,0.09,24.54,23.25,7.84,-0.05,"child_vitA","malawi","zscore screen30","oracle_national"
97,0.429,0.08,0.188,16.72,16.03,4.74,0.07,"child_vitA","malawi","zscore decorr20","train_mean"
97,0.429,0.094,0.188,19.75,18.56,6.76,0.06,"child_vitA","malawi","zscore decorr20","oracle_national"
97,0.429,-0.15,-0.056,17.63,16.87,5.14,-0.14,"child_vitA","malawi","zscore curated16","train_mean"
97,0.429,-0.157,-0.056,21.94,20.55,7.69,-0.1,"child_vitA","malawi","zscore curated16","oracle_national"
30,0.606,0.539,0.561,44.95,12.93,-43.05,1.17,"child_iron","gambia","PROD enet30","train_mean"
30,0.606,0.546,0.561,13.11,12.94,-2.09,0.82,"child_iron","gambia","PROD enet30","oracle_national"
30,0.606,0.582,0.526,48.89,14.23,-46.77,4.52,"child_iron","gambia","PROD ridge_all","train_mean"
30,0.606,0.572,0.526,13.69,13.59,-1.62,2.5,"child_iron","gambia","PROD ridge_all","oracle_national"
30,0.606,0.57,0.531,46.65,13.77,-44.57,2.85,"child_iron","gambia","spatial_tps","train_mean"
30,0.606,0.575,0.531,13.27,13.17,-1.68,1.88,"child_iron","gambia","spatial_tps","oracle_national"
30,0.606,0.399,0.332,51.97,14.47,-49.91,2.44,"child_iron","gambia","spatial + decorr20","train_mean"
30,0.606,0.412,0.332,14.08,13.98,-1.69,1.22,"child_iron","gambia","spatial + decorr20","oracle_national"
30,0.606,0.534,0.534,51.44,13.51,-49.64,1.93,"child_iron","gambia","centered_own enet30","train_mean"
30,0.606,0.538,0.534,12.96,12.89,1.28,1.04,"child_iron","gambia","centered_own enet30","oracle_national"
30,0.606,0.585,0.52,51.84,13.85,-49.95,3.23,"child_iron","gambia","centered_own ridge_all","train_mean"
30,0.606,0.583,0.52,12.92,12.84,1.44,1.57,"child_iron","gambia","centered_own ridge_all","oracle_national"
30,0.606,0.169,0.096,52.42,15.08,-50.2,1.39,"child_iron","gambia","centered_own decorr20","train_mean"
30,0.606,0.173,0.096,15.14,15.08,1.36,0.75,"child_iron","gambia","centered_own decorr20","oracle_national"
30,0.606,0.546,0.478,47.3,13.97,-45.19,0.6,"child_iron","gambia","zscore ridge_all","train_mean"
30,0.606,0.577,0.478,15.57,15.34,-2.67,0.5,"child_iron","gambia","zscore ridge_all","oracle_national"
30,0.606,0.535,0.459,47.31,15.66,-44.64,0.48,"child_iron","gambia","zscore screen30","train_mean"
30,0.606,0.483,0.459,16.92,16.64,-3.07,0.43,"child_iron","gambia","zscore screen30","oracle_national"
30,0.606,0.343,0.515,49.47,20.29,-45.11,0.27,"child_iron","gambia","zscore decorr20","train_mean"
30,0.606,0.49,0.515,16.3,16,-3.1,0.46,"child_iron","gambia","zscore decorr20","oracle_national"
30,0.606,0.392,0.401,48.55,15.33,-46.07,0.5,"child_iron","gambia","zscore curated16","train_mean"
30,0.606,0.44,0.401,17.19,17.06,-2.1,0.4,"child_iron","gambia","zscore curated16","oracle_national"
75,0.723,0.539,0.509,16.22,16.19,0.97,0.68,"child_iron","ghana","PROD enet30","train_mean"
75,0.723,0.533,0.509,18.26,17.08,6.45,0.58,"child_iron","ghana","PROD enet30","oracle_national"
75,0.723,0.562,0.52,16.81,16.67,2.18,0.61,"child_iron","ghana","PROD ridge_all","train_mean"
75,0.723,0.547,0.52,30.6,20.65,22.58,0.42,"child_iron","ghana","PROD ridge_all","oracle_national"
75,0.723,0.586,0.584,23.13,21.08,9.52,0.42,"child_iron","ghana","spatial_tps","train_mean"
75,0.723,0.584,0.584,22.48,20.85,8.4,0.43,"child_iron","ghana","spatial_tps","oracle_national"
75,0.723,0.194,0.258,28.1,28.01,2.18,0.14,"child_iron","ghana","spatial + decorr20","train_mean"
75,0.723,0.225,0.258,29.19,28.64,5.64,0.16,"child_iron","ghana","spatial + decorr20","oracle_national"
75,0.723,0.555,0.524,15.74,15.7,-1.12,1.5,"child_iron","ghana","centered_own enet30","train_mean"
75,0.723,0.55,0.524,15.96,15.54,3.63,1.27,"child_iron","ghana","centered_own enet30","oracle_national"
75,0.723,0.422,0.444,16.92,16.83,1.74,1.34,"child_iron","ghana","centered_own ridge_all","train_mean"
75,0.723,0.417,0.444,18.17,16.78,6.98,1.15,"child_iron","ghana","centered_own ridge_all","oracle_national"
75,0.723,0.465,0.452,16.51,16.45,-1.37,1.33,"child_iron","ghana","centered_own decorr20","train_mean"
75,0.723,0.461,0.452,16.71,16.37,3.35,1.12,"child_iron","ghana","centered_own decorr20","oracle_national"
75,0.723,0.498,0.484,17.38,17.21,2.41,0.59,"child_iron","ghana","zscore ridge_all","train_mean"
75,0.723,0.492,0.484,26.59,23.76,11.95,0.34,"child_iron","ghana","zscore ridge_all","oracle_national"
75,0.723,0.444,0.405,18.06,17.88,2.6,0.54,"child_iron","ghana","zscore screen30","train_mean"
75,0.723,0.443,0.405,27.99,24.69,13.17,0.31,"child_iron","ghana","zscore screen30","oracle_national"
75,0.723,0.479,0.453,17.3,17.17,2.15,0.61,"child_iron","ghana","zscore decorr20","train_mean"
75,0.723,0.483,0.453,25.87,23.09,11.66,0.35,"child_iron","ghana","zscore decorr20","oracle_national"
75,0.723,0.343,0.32,19.28,19.11,2.52,0.44,"child_iron","ghana","zscore curated16","train_mean"
75,0.723,0.353,0.32,28.72,25.58,13.05,0.26,"child_iron","ghana","zscore curated16","oracle_national"
14,0,-0.031,-0.073,14.24,9.09,10.96,-0.02,"child_iron","sierraleone","PROD enet30","train_mean"
14,0,-0.036,-0.073,5.67,5.67,0.08,-0.05,"child_iron","sierraleone","PROD enet30","oracle_national"
14,0,-0.187,-0.13,12.69,6.11,11.13,-0.27,"child_iron","sierraleone","PROD ridge_all","train_mean"
14,0,-0.19,-0.13,5.04,5.01,-0.59,-0.74,"child_iron","sierraleone","PROD ridge_all","oracle_national"
14,0,0.303,0.332,4.74,4.64,0.98,0.5,"child_iron","sierraleone","spatial_tps","train_mean"
14,0,0.304,0.332,4.53,4.52,-0.26,0.6,"child_iron","sierraleone","spatial_tps","oracle_national"
14,0,0.213,0.367,6.18,5.56,2.7,0.24,"child_iron","sierraleone","spatial + decorr20","train_mean"
14,0,0.208,0.367,4.97,4.97,0.01,0.32,"child_iron","sierraleone","spatial + decorr20","oracle_national"
14,0,0.292,0.156,16.29,7.37,14.53,0.19,"child_iron","sierraleone","centered_own enet30","train_mean"
14,0,0.327,0.156,4.56,4.54,0.34,0.56,"child_iron","sierraleone","centered_own enet30","oracle_national"
14,0,0.36,0.345,14.75,4.81,13.94,0.44,"child_iron","sierraleone","centered_own ridge_all","train_mean"
14,0,0.374,0.345,4.32,4.32,0,1.28,"child_iron","sierraleone","centered_own ridge_all","oracle_national"
14,0,0.189,0.222,14.94,4.63,14.2,0.51,"child_iron","sierraleone","centered_own decorr20","train_mean"
14,0,0.186,0.222,4.57,4.57,0.06,1.45,"child_iron","sierraleone","centered_own decorr20","oracle_national"
14,0,0.218,0.143,28.06,21.73,17.75,0.05,"child_iron","sierraleone","zscore ridge_all","train_mean"
14,0,0.207,0.143,8.84,8.64,1.89,0.12,"child_iron","sierraleone","zscore ridge_all","oracle_national"
14,0,-0.209,0.103,29.99,24.11,17.84,-0.04,"child_iron","sierraleone","zscore screen30","train_mean"
14,0,-0.238,0.103,10.75,10.58,1.94,-0.13,"child_iron","sierraleone","zscore screen30","oracle_national"
14,0,-0.18,-0.103,27.95,21.34,18.05,-0.04,"child_iron","sierraleone","zscore decorr20","train_mean"
14,0,-0.16,-0.103,8.93,8.79,1.57,-0.11,"child_iron","sierraleone","zscore decorr20","oracle_national"
14,0,-0.059,-0.108,28.26,21.8,17.99,-0.01,"child_iron","sierraleone","zscore curated16","train_mean"
14,0,-0.116,-0.108,9.46,9.3,1.72,-0.07,"child_iron","sierraleone","zscore curated16","oracle_national"
97,0.394,0.122,-0.013,18.46,15.21,-10.45,0.34,"child_iron","malawi","PROD enet30","train_mean"
97,0.394,0.095,-0.013,16.88,16.86,0.74,0.15,"child_iron","malawi","PROD enet30","oracle_national"
97,0.394,-0.059,-0.021,16.48,16.24,-2.82,-0.15,"child_iron","malawi","PROD ridge_all","train_mean"
97,0.394,-0.059,-0.021,16.59,16.58,0.26,-0.14,"child_iron","malawi","PROD ridge_all","oracle_national"
97,0.394,0.113,0.006,24.73,14.88,-19.75,58.25,"child_iron","malawi","spatial_tps","train_mean"
97,0.394,0.103,0.006,25.03,24.6,4.66,0.07,"child_iron","malawi","spatial_tps","oracle_national"
97,0.394,0.052,0.049,24.75,14.89,-19.77,237.36,"child_iron","malawi","spatial + decorr20","train_mean"
97,0.394,0.047,0.049,23.6,23.29,3.83,0.04,"child_iron","malawi","spatial + decorr20","oracle_national"
97,0.394,-0.154,-0.134,29.78,28.64,8.17,-0.1,"child_iron","malawi","centered_own enet30","train_mean"
97,0.394,-0.154,-0.134,29.78,28.64,8.17,-0.1,"child_iron","malawi","centered_own enet30","oracle_national"
97,0.394,-0.161,-0.115,26.37,24.8,8.96,-0.14,"child_iron","malawi","centered_own ridge_all","train_mean"
97,0.394,-0.161,-0.115,26.37,24.8,8.95,-0.14,"child_iron","malawi","centered_own ridge_all","oracle_national"
97,0.394,-0.018,0.052,15.3,15.28,0.77,-0.09,"child_iron","malawi","centered_own decorr20","train_mean"
97,0.394,-0.018,0.052,15.3,15.28,0.77,-0.09,"child_iron","malawi","centered_own decorr20","oracle_national"
97,0.394,0.067,0.068,21.3,20.73,4.89,0.06,"child_iron","malawi","zscore ridge_all","train_mean"
97,0.394,0.07,0.068,23.74,22.75,6.79,0.06,"child_iron","malawi","zscore ridge_all","oracle_national"
97,0.394,0.198,0.168,19.82,19.34,4.32,0.19,"child_iron","malawi","zscore screen30","train_mean"
97,0.394,0.201,0.168,22.22,21.41,5.96,0.16,"child_iron","malawi","zscore screen30","oracle_national"
97,0.394,0.072,-0.032,23.81,23.38,4.49,0.06,"child_iron","malawi","zscore decorr20","train_mean"
97,0.394,0.07,-0.032,26.52,25.84,5.99,0.05,"child_iron","malawi","zscore decorr20","oracle_national"
97,0.394,0.093,0.091,23.95,23.48,4.68,0.07,"child_iron","malawi","zscore curated16","train_mean"
97,0.394,0.089,0.091,26.92,26.18,6.27,0.06,"child_iron","malawi","zscore curated16","oracle_national"
30,0.725,0.496,0.528,18.01,14.5,-10.69,0.71,"women_iron","gambia","PROD enet30","train_mean"
30,0.725,0.502,0.528,15.68,14.47,-6.05,0.7,"women_iron","gambia","PROD enet30","oracle_national"
30,0.725,0.255,0.372,43.43,16.23,-40.29,47.67,"women_iron","gambia","PROD ridge_all","train_mean"
30,0.725,0.257,0.372,17.37,16.19,-6.28,19.25,"women_iron","gambia","PROD ridge_all","oracle_national"
30,0.725,-0.427,-0.363,31.4,16.4,-26.78,-20.36,"women_iron","gambia","spatial_tps","train_mean"
30,0.725,-0.427,-0.363,17.61,16.45,-6.28,-15.21,"women_iron","gambia","spatial_tps","oracle_national"
30,0.725,0.58,0.491,31.65,14.61,-28.08,2.91,"women_iron","gambia","spatial + decorr20","train_mean"
30,0.725,0.58,0.491,15.44,14.12,-6.24,2.1,"women_iron","gambia","spatial + decorr20","oracle_national"
30,0.725,0.625,0.648,44.29,14.55,-41.83,3.35,"women_iron","gambia","centered_own enet30","train_mean"
30,0.725,0.634,0.648,12.74,12.62,-1.77,1.12,"women_iron","gambia","centered_own enet30","oracle_national"
30,0.725,0.708,0.737,43.8,13.6,-41.63,2.74,"women_iron","gambia","centered_own ridge_all","train_mean"
30,0.725,0.727,0.737,11.42,11.17,-2.36,0.94,"women_iron","gambia","centered_own ridge_all","oracle_national"
30,0.725,NA,NA,45.05,16.25,-42.01,NA,"women_iron","gambia","centered_own decorr20","train_mean"
30,0.725,NA,NA,16.28,16.25,-0.99,NA,"women_iron","gambia","centered_own decorr20","oracle_national"
30,0.725,0.683,0.681,41.11,12.28,-39.23,1.4,"women_iron","gambia","zscore ridge_all","train_mean"
30,0.725,0.665,0.681,13.93,12.94,-5.14,0.71,"women_iron","gambia","zscore ridge_all","oracle_national"
30,0.725,0.518,0.537,41.38,13.91,-38.97,0.96,"women_iron","gambia","zscore screen30","train_mean"
30,0.725,0.592,0.537,15.31,14.39,-5.24,0.62,"women_iron","gambia","zscore screen30","oracle_national"
30,0.725,NA,NA,46.6,16.25,-43.68,NA,"women_iron","gambia","zscore decorr20","train_mean"
30,0.725,NA,NA,17.42,16.25,-6.28,NA,"women_iron","gambia","zscore decorr20","oracle_national"
30,0.725,0.515,0.607,41.19,14.13,-38.69,0.78,"women_iron","gambia","zscore curated16","train_mean"
30,0.725,0.588,0.607,15.45,14.48,-5.38,0.61,"women_iron","gambia","zscore curated16","oracle_national"
75,0,0.456,0.455,25.18,11.02,22.64,0.61,"women_iron","ghana","PROD enet30","train_mean"
75,0,0.459,0.455,10.54,10.46,1.24,1.17,"women_iron","ghana","PROD enet30","oracle_national"
75,0,0.258,0.284,24.55,14.09,20.11,0.27,"women_iron","ghana","PROD ridge_all","train_mean"
75,0,0.236,0.284,13.64,12.63,5.14,0.34,"women_iron","ghana","PROD ridge_all","oracle_national"
75,0,0.255,0.21,31.55,17.05,26.54,0.19,"women_iron","ghana","spatial_tps","train_mean"
75,0,0.273,0.21,13.08,12.83,2.54,0.35,"women_iron","ghana","spatial_tps","oracle_national"
75,0,-0.029,-0.056,38,29.02,24.54,-0.01,"women_iron","ghana","spatial + decorr20","train_mean"
75,0,-0.06,-0.056,26.51,26.41,2.31,-0.03,"women_iron","ghana","spatial + decorr20","oracle_national"
75,0,-0.06,0.307,87,16.88,85.34,-0.06,"women_iron","ghana","centered_own enet30","train_mean"
75,0,-0.059,0.307,86.98,16.87,85.33,-0.06,"women_iron","ghana","centered_own enet30","oracle_national"
75,0,0.097,0.099,53.2,20.18,49.23,0.07,"women_iron","ghana","centered_own ridge_all","train_mean"
75,0,0.097,0.099,52.58,20.27,48.52,0.06,"women_iron","ghana","centered_own ridge_all","oracle_national"
75,0,0.203,0.196,11.84,11.69,1.85,0.53,"women_iron","ghana","centered_own decorr20","train_mean"
75,0,0.203,0.196,11.76,11.67,1.43,0.55,"women_iron","ghana","centered_own decorr20","oracle_national"
75,0,0.26,0.179,15.86,14.97,5.24,0.24,"women_iron","ghana","zscore ridge_all","train_mean"
75,0,0.252,0.179,23.71,21.49,10.01,0.14,"women_iron","ghana","zscore ridge_all","oracle_national"
75,0,0.325,0.271,15.71,14.81,5.24,0.28,"women_iron","ghana","zscore screen30","train_mean"
75,0,0.327,0.271,24.2,22.03,10.02,0.17,"women_iron","ghana","zscore screen30","oracle_national"
75,0,0.234,0.17,14.88,14.15,4.58,0.25,"women_iron","ghana","zscore decorr20","train_mean"
75,0,0.247,0.17,21.03,19.2,8.58,0.16,"women_iron","ghana","zscore decorr20","oracle_national"
75,0,0.341,0.333,14.32,13.39,5.07,0.35,"women_iron","ghana","zscore curated16","train_mean"
75,0,0.34,0.333,20.99,18.6,9.73,0.21,"women_iron","ghana","zscore curated16","oracle_national"
14,0.231,-0.108,-0.156,12.72,8.06,-9.84,-0.18,"women_iron","sierraleone","PROD enet30","train_mean"
14,0.231,-0.124,-0.156,11.11,11.01,1.49,-0.1,"women_iron","sierraleone","PROD enet30","oracle_national"
14,0.231,-0.112,-0.156,7.1,6.99,-1.26,-0.48,"women_iron","sierraleone","PROD ridge_all","train_mean"
14,0.231,-0.112,-0.156,7.05,7.03,0.52,-0.45,"women_iron","sierraleone","PROD ridge_all","oracle_national"
14,0.231,0.08,0.081,14.54,6.71,-12.9,0.33,"women_iron","sierraleone","spatial_tps","train_mean"
14,0.231,0.087,0.081,8.37,8.3,1.12,0.1,"women_iron","sierraleone","spatial_tps","oracle_national"
14,0.231,0.093,0.196,11.36,6.94,-8.99,0.23,"women_iron","sierraleone","spatial + decorr20","train_mean"
14,0.231,0.108,0.196,8.12,8.04,1.12,0.13,"women_iron","sierraleone","spatial + decorr20","oracle_national"
14,0.231,-0.13,-0.077,9.89,7.8,-6.08,-0.26,"women_iron","sierraleone","centered_own enet30","train_mean"
14,0.231,-0.127,-0.077,9.01,8.83,1.8,-0.17,"women_iron","sierraleone","centered_own enet30","oracle_national"
14,0.231,0.06,0.055,9.36,6.97,-6.24,0.16,"women_iron","sierraleone","centered_own ridge_all","train_mean"
14,0.231,0.063,0.055,7.63,7.45,1.61,0.11,"women_iron","sierraleone","centered_own ridge_all","oracle_national"
14,0.231,0.085,0.209,9.33,6.62,-6.57,0.68,"women_iron","sierraleone","centered_own decorr20","train_mean"
14,0.231,0.085,0.209,6.76,6.66,1.16,0.44,"women_iron","sierraleone","centered_own decorr20","oracle_national"
14,0.231,0.05,-0.02,15.3,15.26,-1.15,0.02,"women_iron","sierraleone","zscore ridge_all","train_mean"
14,0.231,0.02,-0.02,9.93,9.77,1.77,0.02,"women_iron","sierraleone","zscore ridge_all","oracle_national"
14,0.231,-0.305,-0.477,24.14,24.14,-0.28,-0.1,"women_iron","sierraleone","zscore screen30","train_mean"
14,0.231,-0.328,-0.477,13.18,13.05,1.81,-0.24,"women_iron","sierraleone","zscore screen30","oracle_national"
14,0.231,-0.373,-0.411,17.22,17.2,-0.82,-0.18,"women_iron","sierraleone","zscore decorr20","train_mean"
14,0.231,-0.508,-0.411,12.36,12.23,1.79,-0.45,"women_iron","sierraleone","zscore decorr20","oracle_national"
14,0.231,-0.039,-0.002,15.05,15.03,-0.88,-0.02,"women_iron","sierraleone","zscore curated16","train_mean"
14,0.231,0.064,-0.002,9.74,9.58,1.79,0.06,"women_iron","sierraleone","zscore curated16","oracle_national"
97,0.397,0.038,0.069,17.27,17.06,-2.7,0.11,"women_iron","malawi","PROD enet30","train_mean"
97,0.397,0.04,0.069,17.34,17.33,0.66,0.1,"women_iron","malawi","PROD enet30","oracle_national"
97,0.397,0.039,0.044,16.93,16.4,4.2,0.4,"women_iron","malawi","PROD ridge_all","train_mean"
97,0.397,0.039,0.044,16.39,16.38,-0.11,0.48,"women_iron","malawi","PROD ridge_all","oracle_national"
97,0.397,0.109,0.016,23.12,16.34,-16.36,4.21,"women_iron","malawi","spatial_tps","train_mean"
97,0.397,0.094,0.016,17.14,17.12,0.73,0.23,"women_iron","malawi","spatial_tps","oracle_national"
97,0.397,0.071,0.158,23.73,16.38,-17.18,17.05,"women_iron","malawi","spatial + decorr20","train_mean"
97,0.397,0.095,0.158,20.53,20.32,2.92,0.11,"women_iron","malawi","spatial + decorr20","oracle_national"
97,0.397,0.169,0.229,16.69,16.48,-2.63,0.46,"women_iron","malawi","centered_own enet30","train_mean"
97,0.397,0.17,0.229,16.78,16.74,1.15,0.39,"women_iron","malawi","centered_own enet30","oracle_national"
97,0.397,0.147,0.061,16.94,16.73,-2.61,0.37,"women_iron","malawi","centered_own ridge_all","train_mean"
97,0.397,0.141,0.061,17.17,17.13,1.15,0.29,"women_iron","malawi","centered_own ridge_all","oracle_national"
97,0.397,0.287,0.294,16.73,16.27,-3.86,12.08,"women_iron","malawi","centered_own decorr20","train_mean"
97,0.397,0.287,0.294,16.25,16.25,-0.22,9.92,"women_iron","malawi","centered_own decorr20","oracle_national"
97,0.397,0.225,0.295,19.31,19.31,0.05,0.25,"women_iron","malawi","zscore ridge_all","train_mean"
97,0.397,0.237,0.295,30.39,28.92,9.34,0.14,"women_iron","malawi","zscore ridge_all","oracle_national"
97,0.397,0.219,0.329,19.42,19.42,-0.31,0.25,"women_iron","malawi","zscore screen30","train_mean"
97,0.397,0.304,0.329,26.59,25.38,7.92,0.2,"women_iron","malawi","zscore screen30","oracle_national"
97,0.397,0.003,-0.033,19.78,19.78,-0.2,0,"women_iron","malawi","zscore decorr20","train_mean"
97,0.397,-0.011,-0.033,30.5,28.65,10.47,-0.01,"women_iron","malawi","zscore decorr20","oracle_national"
97,0.397,0.175,0.214,19.02,19.02,0,0.22,"women_iron","malawi","zscore curated16","train_mean"
97,0.397,0.14,0.214,31.13,29.46,10.06,0.09,"women_iron","malawi","zscore curated16","oracle_national"
30,0.358,0.09,0.477,5.23,4.82,-2.03,3.11,"women_vitA","gambia","PROD enet30","train_mean"
30,0.358,0.091,0.477,4.91,4.81,-0.98,1.85,"women_vitA","gambia","PROD enet30","oracle_national"
30,0.358,NA,NA,5.51,4.83,-2.64,NA,"women_vitA","gambia","PROD ridge_all","train_mean"
30,0.358,NA,NA,4.93,4.83,-0.99,NA,"women_vitA","gambia","PROD ridge_all","oracle_national"
30,0.358,-0.559,-0.568,5.26,4.85,-2.06,-102.95,"women_vitA","gambia","spatial_tps","train_mean"
30,0.358,-0.559,-0.568,4.96,4.86,-0.99,-59.74,"women_vitA","gambia","spatial_tps","oracle_national"
30,0.358,-0.235,-0.331,5.47,4.88,-2.47,-5.92,"women_vitA","gambia","spatial + decorr20","train_mean"
30,0.358,-0.236,-0.331,5.05,4.96,-0.95,-2.43,"women_vitA","gambia","spatial + decorr20","oracle_national"
30,0.358,0.147,0.129,5.52,4.82,-2.69,7.66,"women_vitA","gambia","centered_own enet30","train_mean"
30,0.358,0.148,0.129,4.88,4.8,-0.9,2.44,"women_vitA","gambia","centered_own enet30","oracle_national"
30,0.358,NA,NA,5.54,4.83,-2.7,NA,"women_vitA","gambia","centered_own ridge_all","train_mean"
30,0.358,NA,NA,4.92,4.83,-0.96,NA,"women_vitA","gambia","centered_own ridge_all","oracle_national"
30,0.358,NA,NA,5.54,4.83,-2.7,NA,"women_vitA","gambia","centered_own decorr20","train_mean"
30,0.358,NA,NA,4.92,4.83,-0.96,NA,"women_vitA","gambia","centered_own decorr20","oracle_national"
30,0.358,-0.042,0.261,5.66,5.19,-2.25,-0.12,"women_vitA","gambia","zscore ridge_all","train_mean"
30,0.358,-0.053,0.261,9.73,9.64,1.36,-0.03,"women_vitA","gambia","zscore ridge_all","oracle_national"
30,0.358,-0.147,-0.09,6.74,6.46,-1.92,-0.19,"women_vitA","gambia","zscore screen30","train_mean"
30,0.358,-0.146,-0.09,14.66,14.5,2.14,-0.05,"women_vitA","gambia","zscore screen30","oracle_national"
30,0.358,0.017,-0.168,5.47,4.98,-2.25,0.06,"women_vitA","gambia","zscore decorr20","train_mean"
30,0.358,0.025,-0.168,8.16,8.01,1.56,0.02,"women_vitA","gambia","zscore decorr20","oracle_national"
30,0.358,NA,NA,5.54,4.83,-2.72,NA,"women_vitA","gambia","zscore curated16","train_mean"
30,0.358,NA,NA,4.93,4.83,-0.99,NA,"women_vitA","gambia","zscore curated16","oracle_national"
75,0,0.178,0.244,4.16,4.12,-0.61,10.26,"women_vitA","ghana","PROD enet30","train_mean"
75,0,0.178,0.244,4.11,4.11,-0.1,6.82,"women_vitA","ghana","PROD enet30","oracle_national"
75,0,-0.028,0.235,5.42,5.42,0.01,-0.03,"women_vitA","ghana","PROD ridge_all","train_mean"
75,0,-0.027,0.235,5.72,5.71,0.3,-0.03,"women_vitA","ghana","PROD ridge_all","oracle_national"
75,0,0.239,0.217,4.65,4.01,2.34,1,"women_vitA","ghana","spatial_tps","train_mean"
75,0,0.239,0.217,4.05,4.05,-0.06,2.48,"women_vitA","ghana","spatial_tps","oracle_national"
75,0,0.093,0.118,16.48,14.98,6.86,0.03,"women_vitA","ghana","spatial + decorr20","train_mean"
75,0,0.078,0.118,13.85,13.7,2.04,0.02,"women_vitA","ghana","spatial + decorr20","oracle_national"
75,0,0.213,0.222,4.17,4.11,-0.73,8.06,"women_vitA","ghana","centered_own enet30","train_mean"
75,0,0.213,0.222,4.1,4.1,-0.13,4.85,"women_vitA","ghana","centered_own enet30","oracle_national"
75,0,0.213,0.26,4.16,4.1,-0.68,5.68,"women_vitA","ghana","centered_own ridge_all","train_mean"
75,0,0.212,0.26,4.08,4.08,-0.05,3.4,"women_vitA","ghana","centered_own ridge_all","oracle_national"
75,0,0.144,0.18,4.19,4.12,-0.75,10.66,"women_vitA","ghana","centered_own decorr20","train_mean"
75,0,0.144,0.18,4.12,4.12,-0.17,6.4,"women_vitA","ghana","centered_own decorr20","oracle_national"
75,0,0.217,0.283,4.07,4.06,-0.14,0.63,"women_vitA","ghana","zscore ridge_all","train_mean"
75,0,0.217,0.283,4.4,4.31,0.89,0.37,"women_vitA","ghana","zscore ridge_all","oracle_national"
75,0,NA,NA,4.19,4.13,-0.71,NA,"women_vitA","ghana","zscore screen30","train_mean"
75,0,NA,NA,4.13,4.13,-0.1,NA,"women_vitA","ghana","zscore screen30","oracle_national"
75,0,NA,NA,4.19,4.13,-0.71,NA,"women_vitA","ghana","zscore decorr20","train_mean"
75,0,NA,NA,4.13,4.13,-0.1,NA,"women_vitA","ghana","zscore decorr20","oracle_national"
75,0,NA,NA,4.19,4.13,-0.71,NA,"women_vitA","ghana","zscore curated16","train_mean"
75,0,NA,NA,4.13,4.13,-0.1,NA,"women_vitA","ghana","zscore curated16","oracle_national"
14,0,-0.349,-0.334,1.84,1.54,-1.01,-13.25,"women_vitA","sierraleone","PROD enet30","train_mean"
14,0,-0.349,-0.334,1.62,1.61,0.21,-2.58,"women_vitA","sierraleone","PROD enet30","oracle_national"
14,0,-0.066,-0.14,1.59,1.53,-0.46,-2.59,"women_vitA","sierraleone","PROD ridge_all","train_mean"
14,0,-0.066,-0.14,1.54,1.53,0.2,-1.46,"women_vitA","sierraleone","PROD ridge_all","oracle_national"
14,0,-0.08,-0.075,1.68,1.54,-0.67,-0.77,"women_vitA","sierraleone","spatial_tps","train_mean"
14,0,-0.079,-0.075,1.62,1.6,0.24,-0.31,"women_vitA","sierraleone","spatial_tps","oracle_national"
14,0,0.394,0.268,1.89,1.42,1.24,0.73,"women_vitA","sierraleone","spatial + decorr20","train_mean"
14,0,0.394,0.268,1.43,1.4,0.28,1.16,"women_vitA","sierraleone","spatial + decorr20","oracle_national"
14,0,0.007,0.025,1.59,1.53,-0.44,0.06,"women_vitA","sierraleone","centered_own enet30","train_mean"
14,0,0.008,0.025,1.56,1.55,0.2,0.04,"women_vitA","sierraleone","centered_own enet30","oracle_national"
14,0,-0.017,-0.089,1.59,1.53,-0.46,-0.32,"women_vitA","sierraleone","centered_own ridge_all","train_mean"
14,0,-0.017,-0.089,1.54,1.53,0.16,-0.19,"women_vitA","sierraleone","centered_own ridge_all","oracle_national"
14,0,0.161,0.043,1.57,1.51,-0.45,1.68,"women_vitA","sierraleone","centered_own decorr20","train_mean"
14,0,0.161,0.043,1.51,1.5,0.17,0.97,"women_vitA","sierraleone","centered_own decorr20","oracle_national"
14,0,-0.21,-0.092,2.37,2.36,0.2,-0.21,"women_vitA","sierraleone","zscore ridge_all","train_mean"
14,0,-0.208,-0.092,2.5,2.39,0.72,-0.2,"women_vitA","sierraleone","zscore ridge_all","oracle_national"
14,0,-0.27,-0.085,2.99,2.97,0.36,-0.19,"women_vitA","sierraleone","zscore screen30","train_mean"
14,0,-0.261,-0.085,2.91,2.8,0.82,-0.2,"women_vitA","sierraleone","zscore screen30","oracle_national"
14,0,-0.022,-0.002,2.06,2.06,0.1,-0.02,"women_vitA","sierraleone","zscore decorr20","train_mean"
14,0,0,-0.002,2.16,2.05,0.66,0,"women_vitA","sierraleone","zscore decorr20","oracle_national"
14,0,-0.435,-0.409,2.95,2.93,0.31,-0.34,"women_vitA","sierraleone","zscore curated16","train_mean"
14,0,-0.461,-0.409,2.99,2.88,0.79,-0.38,"women_vitA","sierraleone","zscore curated16","oracle_national"
97,0,-0.156,-0.167,4.96,4.76,1.4,-0.49,"women_vitA","malawi","PROD enet30","train_mean"
97,0,-0.155,-0.167,4.48,4.48,-0.21,-1.11,"women_vitA","malawi","PROD enet30","oracle_national"
97,0,-0.193,-0.263,4.38,4.36,-0.42,-10.46,"women_vitA","malawi","PROD ridge_all","train_mean"
97,0,-0.193,-0.263,4.37,4.36,-0.33,-9.61,"women_vitA","malawi","PROD ridge_all","oracle_national"
97,0,-0.214,-0.252,4.53,4.49,0.65,-1.77,"women_vitA","malawi","spatial_tps","train_mean"
97,0,-0.214,-0.252,4.42,4.41,-0.3,-3.23,"women_vitA","malawi","spatial_tps","oracle_national"
97,0,-0.172,-0.232,4.55,4.36,-1.3,-9.06,"women_vitA","malawi","spatial + decorr20","train_mean"
97,0,-0.173,-0.232,4.54,4.54,-0.18,-1,"women_vitA","malawi","spatial + decorr20","oracle_national"
97,0,-0.064,-0.098,4.39,4.37,-0.4,-1.11,"women_vitA","malawi","centered_own enet30","train_mean"
97,0,-0.064,-0.098,4.38,4.37,-0.3,-1.01,"women_vitA","malawi","centered_own enet30","oracle_national"
97,0,-0.128,-0.176,4.4,4.38,-0.4,-2.33,"women_vitA","malawi","centered_own ridge_all","train_mean"
97,0,-0.128,-0.176,4.39,4.38,-0.3,-2.13,"women_vitA","malawi","centered_own ridge_all","oracle_national"
97,0,0.047,0.024,4.36,4.34,-0.44,2.43,"women_vitA","malawi","centered_own decorr20","train_mean"
97,0,0.047,0.024,4.35,4.34,-0.34,2.22,"women_vitA","malawi","centered_own decorr20","oracle_national"
97,0,-0.016,-0.1,4.58,4.58,0.15,-0.05,"women_vitA","malawi","zscore ridge_all","train_mean"
97,0,-0.018,-0.1,4.59,4.59,0.24,-0.06,"women_vitA","malawi","zscore ridge_all","oracle_national"
97,0,NA,NA,4.36,4.34,-0.43,NA,"women_vitA","malawi","zscore screen30","train_mean"
97,0,NA,NA,4.36,4.34,-0.33,NA,"women_vitA","malawi","zscore screen30","oracle_national"
97,0,-0.005,-0.177,5.64,5.61,0.56,-0.01,"women_vitA","malawi","zscore decorr20","train_mean"
97,0,-0.007,-0.177,5.56,5.52,0.61,-0.01,"women_vitA","malawi","zscore decorr20","oracle_national"
97,0,0,-0.037,4.67,4.66,0.24,0,"women_vitA","malawi","zscore curated16","train_mean"
97,0,0.001,-0.037,4.67,4.66,0.32,0,"women_vitA","malawi","zscore curated16","oracle_national"
